distance_m,SNR_formula_dB_10dBm,SNR_formula_dB_20dBm,SNR_qutip_measured_dB_10dBm,SNR_qutip_measured_dB_20dBm,Omega_RF_theoretical_MHz_10dBm,Omega_RF_measured_MHz_10dBm,Omega_RF_theoretical_MHz_20dBm,Omega_RF_measured_MHz_20dBm
0.100000,46.0206,46.0206,,,127.1562,,402.1032,
0.105925,46.0206,46.0206,,,120.0432,,379.6099,
0.112202,46.0206,46.0206,,,113.3281,,358.3748,
0.118850,46.0206,46.0206,,,106.9886,,338.3277,
0.125893,46.0206,46.0206,,,101.0037,,319.4019,
0.133352,46.0206,46.0206,,,95.3537,,301.5348,
0.141254,46.0206,46.0206,,,90.0197,,284.6672,
0.149624,46.0206,46.0206,,,84.9841,,268.7432,
0.158489,46.0206,46.0206,,,80.2301,,253.7099,
0.167880,46.0206,46.0206,,,75.7421,,239.5176,
0.177828,46.0206,46.0206,,,71.5052,,226.1192,
0.188365,46.0206,46.0206,,,67.5052,,213.4703,
0.199526,46.0206,46.0206,,,63.7291,,201.5290,
0.211349,46.0206,46.0206,,,60.1641,,190.2556,
0.223872,46.0206,46.0206,,,56.7986,,179.6129,
0.237137,46.0206,46.0206,,,53.6213,,169.5655,
0.251189,46.0206,46.0206,,,50.6218,,160.0802,
0.266073,46.0206,46.0206,,,47.7901,,151.1254,
0.281838,46.0206,46.0206,,,45.1167,,142.6716,
0.298538,46.0206,46.0206,,,42.5929,,134.6907,
0.316228,46.0206,46.0206,,,40.2103,,127.1562,
0.334965,46.0206,46.0206,,,37.9610,,120.0432,
0.354813,46.0206,46.0206,,,35.8375,,113.3281,
0.375837,46.0206,46.0206,,,33.8328,,106.9886,
0.398107,46.0206,46.0206,,,31.9402,,101.0037,
0.421697,46.0206,46.0206,,,30.1535,,95.3537,
0.446684,46.0206,46.0206,,,28.4667,,90.0197,
0.473151,46.0206,46.0206,,,26.8743,,84.9841,
0.501187,46.0206,46.0206,,,25.3710,,80.2301,
0.530884,46.0206,46.0206,,,23.9518,,75.7421,
0.562341,46.0206,46.0206,,,22.6119,,71.5052,
0.595662,46.0206,46.0206,,,21.3470,,67.5052,
0.630957,46.0206,46.0206,,,20.1529,,63.7291,
0.668344,46.0206,46.0206,46.0206,,19.0256,19.2000,60.1641,
0.707946,46.0206,46.0206,46.0206,,17.9613,18.0000,56.7986,
0.749894,46.0206,46.0206,46.0206,,16.9565,17.0610,53.6213,
0.794328,46.0206,46.0206,46.0206,,16.0080,16.0000,50.6218,
0.841395,46.0206,46.0206,46.0206,,15.1125,15.2000,47.7901,
0.891251,46.0206,46.0206,46.0206,,14.2672,14.4000,45.1167,
0.944061,46.0206,46.0206,46.0206,,13.4691,13.5010,42.5929,
1.000000,46.0206,46.0206,46.0206,,12.7156,12.8000,40.2103,
1.059254,46.0206,46.0206,46.0206,,12.0043,12.0000,37.9610,
1.122018,46.0206,46.0206,46.0206,,11.3328,11.2000,35.8375,
1.188502,46.0206,46.0206,46.0206,,10.6989,10.8000,33.8328,
1.258925,46.0206,46.0206,46.0206,,10.1004,10.0000,31.9402,
1.333521,46.0206,46.0206,46.0206,,9.5354,9.6000,30.1535,
1.412538,46.0206,46.0206,46.0206,,9.0020,9.2000,28.4667,
1.496236,46.0206,46.0206,46.0206,,8.4984,8.4000,26.8743,
1.584893,46.0206,46.0206,46.0206,,8.0230,8.0000,25.3710,
1.678804,46.0206,46.0206,46.0206,,7.5742,7.6000,23.9518,
1.778279,46.0206,46.0206,46.0206,,7.1505,7.2000,22.6119,
1.883649,46.0206,46.0206,46.0206,,6.7505,6.8000,21.3470,
1.995262,46.0206,46.0206,46.0206,,6.3729,6.4000,20.1529,
2.113489,46.0206,46.0206,46.0206,46.0206,6.0164,6.0000,19.0256,19.2000
2.238721,46.0206,46.0206,46.0206,46.0206,5.6799,5.6000,17.9613,18.0000
2.371374,46.0206,46.0206,46.0206,46.0206,5.3621,5.2000,16.9565,17.0610
2.511886,,46.0206,,46.0206,5.0622,,16.0080,16.0000
2.660725,,46.0206,,46.0206,4.7790,,15.1125,15.2000
2.818383,,46.0206,,46.0206,4.5117,,14.2672,14.4000
2.985383,,46.0206,,46.0206,4.2593,,13.4691,13.5010
3.162278,,46.0206,,46.0206,4.0210,,12.7156,12.8000
3.349654,,46.0206,,46.0206,3.7961,,12.0043,12.0000
3.548134,,46.0206,,46.0206,3.5837,,11.3328,11.2000
3.758374,,46.0206,,46.0206,3.3833,,10.6989,10.8000
3.981072,,46.0206,,46.0206,3.1940,,10.1004,10.0000
4.216965,,46.0206,,46.0206,3.0153,,9.5354,9.6000
4.466836,,46.0206,,46.0206,2.8467,,9.0020,9.2000
4.731513,,46.0206,,46.0206,2.6874,,8.4984,8.4000
5.011872,,46.0206,,46.0206,2.5371,,8.0230,8.0000
5.308844,,46.0206,,46.0206,2.3952,,7.5742,7.6000
5.623413,,46.0206,,46.0206,2.2612,,7.1505,7.2000
5.956621,,46.0206,,46.0206,2.1347,,6.7505,6.8000
6.309573,,46.0206,,46.0206,2.0153,,6.3729,6.4000
6.683439,,46.0206,,46.0206,1.9026,,6.0164,6.0000
7.079458,,46.0206,,46.0206,1.7961,,5.6799,5.6000
7.498942,,46.0206,,46.0206,1.6957,,5.3621,5.2000
7.943282,,,,,1.6008,,5.0622,
8.413951,,,,,1.5113,,4.7790,
8.912509,,,,,1.4267,,4.5117,
9.440609,,,,,1.3469,,4.2593,
10.000000,,,,,1.2716,,4.0210,
10.592537,,,,,1.2004,,3.7961,
11.220185,,,,,1.1333,,3.5837,
11.885022,,,,,1.0699,,3.3833,
12.589254,,,,,1.0100,,3.1940,
13.335214,,,,,0.9535,,3.0153,
14.125375,,,,,0.9002,,2.8467,
14.962357,,,,,0.8498,,2.6874,
15.848932,,,,,0.8023,,2.5371,
16.788040,,,,,0.7574,,2.3952,
17.782794,,,,,0.7151,,2.2612,
18.836491,,,,,0.6751,,2.1347,
19.952623,,,,,0.6373,,2.0153,
21.134890,,,,,0.6016,,1.9026,
22.387211,,,,,0.5680,,1.7961,
23.713737,,,,,0.5362,,1.6957,
25.118864,,,,,0.5062,,1.6008,
26.607251,,,,,0.4779,,1.5113,
28.183829,,,,,0.4512,,1.4267,
29.853826,,,,,0.4259,,1.3469,
31.622777,,,,,0.4021,,1.2716,
33.496544,,,,,0.3796,,1.2004,
35.481339,,,,,0.3584,,1.1333,
37.583740,,,,,0.3383,,1.0699,
39.810717,,,,,0.3194,,1.0100,
42.169650,,,,,0.3015,,0.9535,
44.668359,,,,,0.2847,,0.9002,
47.315126,,,,,0.2687,,0.8498,
50.118723,,,,,0.2537,,0.8023,
53.088444,,,,,0.2395,,0.7574,
56.234133,,,,,0.2261,,0.7151,
59.566214,,,,,0.2135,,0.6751,
63.095734,,,,,0.2015,,0.6373,
66.834392,,,,,0.1903,,0.6016,
70.794578,,,,,0.1796,,0.5680,
74.989421,,,,,0.1696,,0.5362,
79.432823,,,,,0.1601,,0.5062,
84.139514,,,,,0.1511,,0.4779,
89.125094,,,,,0.1427,,0.4512,
94.406088,,,,,0.1347,,0.4259,
100.000000,,,,,0.1272,,0.4021,
105.925373,,,,,0.1200,,0.3796,
112.201845,,,,,0.1133,,0.3584,
118.850223,,,,,0.1070,,0.3383,
125.892541,,,,,0.1010,,0.3194,
133.352143,,,,,0.0954,,0.3015,
141.253754,,,,,0.0900,,0.2847,
149.623566,,,,,0.0850,,0.2687,
158.489319,,,,,0.0802,,0.2537,
167.880402,,,,,0.0757,,0.2395,
177.827941,,,,,0.0715,,0.2261,
188.364909,,,,,0.0675,,0.2135,
199.526231,,,,,0.0637,,0.2015,
211.348904,,,,,0.0602,,0.1903,
223.872114,,,,,0.0568,,0.1796,
237.137371,,,,,0.0536,,0.1696,
251.188643,,,,,0.0506,,0.1601,
266.072506,,,,,0.0478,,0.1511,
281.838293,,,,,0.0451,,0.1427,
298.538262,,,,,0.0426,,0.1347,
316.227766,,,,,0.0402,,0.1272,
334.965439,,,,,0.0380,,0.1200,
354.813389,,,,,0.0358,,0.1133,
375.837404,,,,,0.0338,,0.1070,
398.107171,,,,,0.0319,,0.1010,
421.696503,,,,,0.0302,,0.0954,
446.683592,,,,,0.0285,,0.0900,
473.151259,,,,,0.0269,,0.0850,
501.187234,,,,,0.0254,,0.0802,
530.884444,,,,,0.0240,,0.0757,
562.341325,,,,,0.0226,,0.0715,
595.662144,,,,,0.0213,,0.0675,
630.957344,,,,,0.0202,,0.0637,
668.343918,,,,,0.0190,,0.0602,
707.945784,,,,,0.0180,,0.0568,
749.894209,,,,,0.0170,,0.0536,
794.328235,,,,,0.0160,,0.0506,
841.395142,,,,,0.0151,,0.0478,
891.250938,,,,,0.0143,,0.0451,
944.060876,,,,,0.0135,,0.0426,
1000.000000,,,,,0.0127,,0.0402,
1059.253725,,,,,0.0120,,0.0380,
1122.018454,,,,,0.0113,,0.0358,
1188.502227,,,,,0.0107,,0.0338,
1258.925412,,,,,0.0101,,0.0319,
1333.521432,,,,,0.0095,,0.0302,
1412.537545,,,,,0.0090,,0.0285,
1496.235656,,,,,0.0085,,0.0269,
1584.893192,,,,,0.0080,,0.0254,
1678.804018,,,,,0.0076,,0.0240,
1778.279410,,,,,0.0072,,0.0226,
1883.649089,,,,,0.0068,,0.0213,
1995.262315,,,,,0.0064,,0.0202,
2113.489040,,,,,0.0060,,0.0190,
2238.721139,,,,,0.0057,,0.0180,
2371.373706,,,,,0.0054,,0.0170,
2511.886432,,,,,0.0051,,0.0160,
2660.725060,,,,,0.0048,,0.0151,
2818.382931,,,,,0.0045,,0.0143,
2985.382619,,,,,0.0043,,0.0135,
3162.277660,,,,,0.0040,,0.0127,
3349.654392,,,,,0.0038,,0.0120,
3548.133892,,,,,0.0036,,0.0113,
3758.374043,,,,,0.0034,,0.0107,
3981.071706,,,,,0.0032,,0.0101,
4216.965034,,,,,0.0030,,0.0095,
4466.835922,,,,,0.0028,,0.0090,
4731.512590,,,,,0.0027,,0.0085,
5011.872336,,,,,0.0025,,0.0080,
5308.844442,,,,,0.0024,,0.0076,
5623.413252,,,,,0.0023,,0.0072,
5956.621435,,,,,0.0021,,0.0068,
6309.573445,,,,,0.0020,,0.0064,
6683.439176,,,,,0.0019,,0.0060,
7079.457844,,,,,0.0018,,0.0057,
7498.942093,,,,,0.0017,,0.0054,
7943.282347,,,,,0.0016,,0.0051,
8413.951416,,,,,0.0015,,0.0048,
8912.509381,,,,,0.0014,,0.0045,
9440.608763,,,,,0.0013,,0.0043,
10000.000000,,,,,0.0013,,0.0040,
10592.537252,,,,,0.0012,,0.0038,
11220.184543,,,,,0.0011,,0.0036,
11885.022274,,,,,0.0011,,0.0034,
12589.254118,,,,,0.0010,,0.0032,
13335.214322,,,,,0.0010,,0.0030,
14125.375446,,,,,0.0009,,0.0028,
14962.356561,,,,,0.0008,,0.0027,
15848.931925,,,,,0.0008,,0.0025,
16788.040181,,,,,0.0008,,0.0024,
17782.794100,,,,,0.0007,,0.0023,
18836.490895,,,,,0.0007,,0.0021,
19952.623150,,,,,0.0006,,0.0020,
21134.890398,,,,,0.0006,,0.0019,
22387.211386,,,,,0.0006,,0.0018,
23713.737057,,,,,0.0005,,0.0017,
25118.864315,,,,,0.0005,,0.0016,
26607.250598,,,,,0.0005,,0.0015,
28183.829313,,,,,0.0005,,0.0014,
29853.826189,,,,,0.0004,,0.0013,
31622.776602,,,,,0.0004,,0.0013,
33496.543916,,,,,0.0004,,0.0012,
35481.338923,,,,,0.0004,,0.0011,
37583.740429,,,,,0.0003,,0.0011,
39810.717055,,,,,0.0003,,0.0010,
42169.650343,,,,,0.0003,,0.0010,
44668.359215,,,,,0.0003,,0.0009,
47315.125896,,,,,0.0003,,0.0008,
50118.723363,,,,,0.0003,,0.0008,
53088.444423,,,,,0.0002,,0.0008,
56234.132519,,,,,0.0002,,0.0007,
59566.214353,,,,,0.0002,,0.0007,
63095.734448,,,,,0.0002,,0.0006,
66834.391757,,,,,0.0002,,0.0006,
70794.578438,,,,,0.0002,,0.0006,
74989.420933,,,,,0.0002,,0.0005,
79432.823472,,,,,0.0002,,0.0005,
84139.514165,,,,,0.0002,,0.0005,
89125.093813,,,,,0.0001,,0.0005,
94406.087629,,,,,0.0001,,0.0004,
100000.000000,,,,,0.0001,,0.0004,
105925.372518,,,,,0.0001,,0.0004,
112201.845430,,,,,0.0001,,0.0004,
118850.222744,,,,,0.0001,,0.0003,
125892.541179,,,,,0.0001,,0.0003,
133352.143216,,,,,0.0001,,0.0003,
141253.754462,,,,,0.0001,,0.0003,
149623.565609,,,,,0.0001,,0.0003,
158489.319246,,,,,0.0001,,0.0003,
167880.401812,,,,,0.0001,,0.0002,
177827.941004,,,,,0.0001,,0.0002,
188364.908949,,,,,0.0001,,0.0002,
199526.231497,,,,,0.0001,,0.0002,
211348.903984,,,,,0.0001,,0.0002,
223872.113857,,,,,0.0001,,0.0002,
237137.370566,,,,,0.0001,,0.0002,
251188.643151,,,,,0.0001,,0.0002,
266072.505980,,,,,0.0000,,0.0002,
281838.293126,,,,,0.0000,,0.0001,
298538.261892,,,,,0.0000,,0.0001,
316227.766017,,,,,0.0000,,0.0001,
334965.439158,,,,,0.0000,,0.0001,
354813.389234,,,,,0.0000,,0.0001,
375837.404288,,,,,0.0000,,0.0001,
398107.170553,,,,,0.0000,,0.0001,
421696.503429,,,,,0.0000,,0.0001,
446683.592151,,,,,0.0000,,0.0001,
473151.258961,,,,,0.0000,,0.0001,
501187.233627,,,,,0.0000,,0.0001,
530884.444231,,,,,0.0000,,0.0001,
562341.325190,,,,,0.0000,,0.0001,
595662.143529,,,,,0.0000,,0.0001,
630957.344480,,,,,0.0000,,0.0001,
668343.917569,,,,,0.0000,,0.0001,
707945.784384,,,,,0.0000,,0.0001,
749894.209332,,,,,0.0000,,0.0001,
794328.234724,,,,,0.0000,,0.0001,
841395.141645,,,,,0.0000,,0.0000,
891250.938134,,,,,0.0000,,0.0000,
944060.876286,,,,,0.0000,,0.0000,
1000000.000000,,,,,0.0000,,0.0000,
