"# Panel (a) Conventional -- SNR_dB, then SER for log2M=2,4,6,8"
SNR_dB,SER_log2M2,SER_log2M4,SER_log2M6,SER_log2M8
-103.3293,7.499973e-01,9.374991e-01,9.843747e-01,9.960937e-01
-102.8293,7.499971e-01,9.374990e-01,9.843747e-01,9.960937e-01
-102.3293,7.499969e-01,9.374990e-01,9.843747e-01,9.960937e-01
-101.8293,7.499968e-01,9.374989e-01,9.843747e-01,9.960937e-01
-101.3293,7.499966e-01,9.374989e-01,9.843747e-01,9.960937e-01
-100.8293,7.499964e-01,9.374988e-01,9.843747e-01,9.960937e-01
-100.3293,7.499962e-01,9.374987e-01,9.843746e-01,9.960937e-01
-99.8293,7.499959e-01,9.374986e-01,9.843746e-01,9.960936e-01
-99.3293,7.499957e-01,9.374986e-01,9.843746e-01,9.960936e-01
-98.8293,7.499954e-01,9.374985e-01,9.843746e-01,9.960936e-01
-98.3293,7.499952e-01,9.374984e-01,9.843745e-01,9.960936e-01
-97.8293,7.499949e-01,9.374983e-01,9.843745e-01,9.960936e-01
-97.3293,7.499946e-01,9.374982e-01,9.843745e-01,9.960936e-01
-96.8293,7.499943e-01,9.374981e-01,9.843745e-01,9.960936e-01
-96.3293,7.499939e-01,9.374980e-01,9.843744e-01,9.960936e-01
-95.8293,7.499936e-01,9.374978e-01,9.843744e-01,9.960936e-01
-95.3293,7.499932e-01,9.374977e-01,9.843743e-01,9.960936e-01
-94.8293,7.499928e-01,9.374976e-01,9.843743e-01,9.960936e-01
-94.3293,7.499923e-01,9.374974e-01,9.843743e-01,9.960936e-01
-93.8293,7.499919e-01,9.374973e-01,9.843742e-01,9.960935e-01
-93.3293,7.499914e-01,9.374971e-01,9.843742e-01,9.960935e-01
-92.8293,7.499909e-01,9.374969e-01,9.843741e-01,9.960935e-01
-92.3293,7.499904e-01,9.374968e-01,9.843741e-01,9.960935e-01
-91.8293,7.499898e-01,9.374966e-01,9.843740e-01,9.960935e-01
-91.3293,7.499892e-01,9.374964e-01,9.843740e-01,9.960935e-01
-90.8293,7.499885e-01,9.374962e-01,9.843739e-01,9.960935e-01
-90.3293,7.499879e-01,9.374959e-01,9.843738e-01,9.960934e-01
-89.8293,7.499871e-01,9.374957e-01,9.843738e-01,9.960934e-01
-89.3293,7.499864e-01,9.374954e-01,9.843737e-01,9.960934e-01
-88.8293,7.499856e-01,9.374952e-01,9.843736e-01,9.960934e-01
-88.3293,7.499847e-01,9.374949e-01,9.843735e-01,9.960934e-01
-87.8293,7.499838e-01,9.374946e-01,9.843735e-01,9.960933e-01
-87.3293,7.499828e-01,9.374942e-01,9.843734e-01,9.960933e-01
-86.8293,7.499818e-01,9.374939e-01,9.843733e-01,9.960933e-01
-86.3293,7.499807e-01,9.374935e-01,9.843732e-01,9.960933e-01
-85.8293,7.499796e-01,9.374932e-01,9.843731e-01,9.960932e-01
-85.3293,7.499784e-01,9.374928e-01,9.843729e-01,9.960932e-01
-84.8293,7.499771e-01,9.374923e-01,9.843728e-01,9.960932e-01
-84.3293,7.499758e-01,9.374919e-01,9.843727e-01,9.960931e-01
-83.8293,7.499743e-01,9.374914e-01,9.843725e-01,9.960931e-01
-83.3293,7.499728e-01,9.374909e-01,9.843724e-01,9.960931e-01
-82.8293,7.499712e-01,9.374903e-01,9.843723e-01,9.960930e-01
-82.3293,7.499695e-01,9.374898e-01,9.843721e-01,9.960930e-01
-81.8293,7.499677e-01,9.374892e-01,9.843719e-01,9.960929e-01
-81.3293,7.499658e-01,9.374885e-01,9.843717e-01,9.960929e-01
-80.8293,7.499637e-01,9.374878e-01,9.843715e-01,9.960928e-01
-80.3293,7.499616e-01,9.374871e-01,9.843713e-01,9.960928e-01
-79.8293,7.499593e-01,9.374864e-01,9.843711e-01,9.960927e-01
-79.3293,7.499569e-01,9.374855e-01,9.843709e-01,9.960927e-01
-78.8293,7.499543e-01,9.374847e-01,9.843706e-01,9.960926e-01
-78.3293,7.499516e-01,9.374838e-01,9.843704e-01,9.960925e-01
-77.8293,7.499488e-01,9.374828e-01,9.843701e-01,9.960924e-01
-77.3293,7.499457e-01,9.374818e-01,9.843698e-01,9.960924e-01
-76.8293,7.499425e-01,9.374807e-01,9.843695e-01,9.960923e-01
-76.3293,7.499391e-01,9.374796e-01,9.843692e-01,9.960922e-01
-75.8293,7.499355e-01,9.374784e-01,9.843688e-01,9.960921e-01
-75.3293,7.499317e-01,9.374771e-01,9.843685e-01,9.960920e-01
-74.8293,7.499276e-01,9.374757e-01,9.843681e-01,9.960919e-01
-74.3293,7.499234e-01,9.374743e-01,9.843677e-01,9.960918e-01
-73.8293,7.499188e-01,9.374728e-01,9.843672e-01,9.960917e-01
-73.3293,7.499140e-01,9.374712e-01,9.843668e-01,9.960916e-01
-72.8293,7.499089e-01,9.374694e-01,9.843663e-01,9.960914e-01
-72.3293,7.499035e-01,9.374676e-01,9.843658e-01,9.960913e-01
-71.8293,7.498978e-01,9.374657e-01,9.843652e-01,9.960912e-01
-71.3293,7.498917e-01,9.374637e-01,9.843647e-01,9.960910e-01
-70.8293,7.498853e-01,9.374615e-01,9.843641e-01,9.960908e-01
-70.3293,7.498785e-01,9.374593e-01,9.843634e-01,9.960907e-01
-69.8293,7.498713e-01,9.374568e-01,9.843627e-01,9.960905e-01
-69.3293,7.498637e-01,9.374543e-01,9.843620e-01,9.960903e-01
-68.8293,7.498556e-01,9.374516e-01,9.843612e-01,9.960901e-01
-68.3293,7.498471e-01,9.374487e-01,9.843604e-01,9.960899e-01
-67.8293,7.498380e-01,9.374457e-01,9.843595e-01,9.960896e-01
-67.3293,7.498284e-01,9.374424e-01,9.843586e-01,9.960894e-01
-66.8293,7.498182e-01,9.374390e-01,9.843576e-01,9.960891e-01
-66.3293,7.498075e-01,9.374354e-01,9.843566e-01,9.960889e-01
-65.8293,7.497960e-01,9.374316e-01,9.843555e-01,9.960886e-01
-65.3293,7.497840e-01,9.374275e-01,9.843544e-01,9.960883e-01
-64.8293,7.497712e-01,9.374232e-01,9.843531e-01,9.960879e-01
-64.3293,7.497576e-01,9.374187e-01,9.843519e-01,9.960876e-01
-63.8293,7.497432e-01,9.374139e-01,9.843505e-01,9.960872e-01
-63.3293,7.497280e-01,9.374088e-01,9.843490e-01,9.960868e-01
-62.8293,7.497119e-01,9.374034e-01,9.843475e-01,9.960864e-01
-62.3293,7.496948e-01,9.373976e-01,9.843459e-01,9.960860e-01
-61.8293,7.496767e-01,9.373916e-01,9.843441e-01,9.960855e-01
-61.3293,7.496576e-01,9.373851e-01,9.843423e-01,9.960850e-01
-60.8293,7.496373e-01,9.373783e-01,9.843404e-01,9.960845e-01
-60.3293,7.496158e-01,9.373711e-01,9.843383e-01,9.960840e-01
-59.8293,7.495930e-01,9.373635e-01,9.843361e-01,9.960834e-01
-59.3293,7.495688e-01,9.373554e-01,9.843338e-01,9.960828e-01
-58.8293,7.495433e-01,9.373468e-01,9.843314e-01,9.960821e-01
-58.3293,7.495162e-01,9.373377e-01,9.843288e-01,9.960814e-01
-57.8293,7.494875e-01,9.373281e-01,9.843261e-01,9.960807e-01
-57.3293,7.494571e-01,9.373179e-01,9.843232e-01,9.960799e-01
-56.8293,7.494250e-01,9.373071e-01,9.843201e-01,9.960791e-01
-56.3293,7.493909e-01,9.372956e-01,9.843168e-01,9.960783e-01
-55.8293,7.493548e-01,9.372835e-01,9.843134e-01,9.960773e-01
-55.3293,7.493165e-01,9.372707e-01,9.843097e-01,9.960764e-01
-54.8293,7.492760e-01,9.372571e-01,9.843058e-01,9.960753e-01
-54.3293,7.492330e-01,9.372427e-01,9.843017e-01,9.960742e-01
-53.8293,7.491875e-01,9.372274e-01,9.842974e-01,9.960731e-01
-53.3293,7.491394e-01,9.372112e-01,9.842928e-01,9.960719e-01
-52.8293,7.490883e-01,9.371941e-01,9.842879e-01,9.960706e-01
-52.3293,7.490343e-01,9.371760e-01,9.842828e-01,9.960692e-01
-51.8293,7.489770e-01,9.371567e-01,9.842773e-01,9.960677e-01
-51.3293,7.489163e-01,9.371364e-01,9.842715e-01,9.960662e-01
-50.8293,7.488520e-01,9.371148e-01,9.842653e-01,9.960645e-01
-50.3293,7.487839e-01,9.370919e-01,9.842588e-01,9.960628e-01
-49.8293,7.487117e-01,9.370677e-01,9.842519e-01,9.960610e-01
-49.3293,7.486353e-01,9.370421e-01,9.842446e-01,9.960590e-01
-48.8293,7.485543e-01,9.370149e-01,9.842369e-01,9.960570e-01
-48.3293,7.484685e-01,9.369861e-01,9.842287e-01,9.960548e-01
-47.8293,7.483776e-01,9.369555e-01,9.842200e-01,9.960525e-01
-47.3293,7.482813e-01,9.369232e-01,9.842108e-01,9.960500e-01
-46.8293,7.481793e-01,9.368889e-01,9.842010e-01,9.960474e-01
-46.3293,7.480712e-01,9.368526e-01,9.841907e-01,9.960447e-01
-45.8293,7.479567e-01,9.368142e-01,9.841797e-01,9.960417e-01
-45.3293,7.478354e-01,9.367734e-01,9.841681e-01,9.960386e-01
-44.8293,7.477068e-01,9.367302e-01,9.841558e-01,9.960354e-01
-44.3293,7.475706e-01,9.366845e-01,9.841428e-01,9.960319e-01
-43.8293,7.474263e-01,9.366360e-01,9.841290e-01,9.960282e-01
-43.3293,7.472734e-01,9.365846e-01,9.841143e-01,9.960243e-01
-42.8293,7.471114e-01,9.365302e-01,9.840988e-01,9.960202e-01
-42.3293,7.469397e-01,9.364725e-01,9.840824e-01,9.960158e-01
-41.8293,7.467578e-01,9.364113e-01,9.840649e-01,9.960112e-01
-41.3293,7.465650e-01,9.363465e-01,9.840465e-01,9.960062e-01
-40.8293,7.463608e-01,9.362778e-01,9.840269e-01,9.960010e-01
-40.3293,7.461443e-01,9.362051e-01,9.840061e-01,9.959955e-01
-39.8293,7.459149e-01,9.361279e-01,9.839842e-01,9.959896e-01
-39.3293,7.456718e-01,9.360461e-01,9.839608e-01,9.959834e-01
-38.8293,7.454142e-01,9.359595e-01,9.839361e-01,9.959768e-01
-38.3293,7.451412e-01,9.358676e-01,9.839099e-01,9.959699e-01
-37.8293,7.448518e-01,9.357702e-01,9.838822e-01,9.959625e-01
-37.3293,7.445452e-01,9.356670e-01,9.838527e-01,9.959546e-01
-36.8293,7.442201e-01,9.355575e-01,9.838215e-01,9.959463e-01
-36.3293,7.438756e-01,9.354415e-01,9.837884e-01,9.959375e-01
-35.8293,7.435104e-01,9.353185e-01,9.837533e-01,9.959281e-01
-35.3293,7.431233e-01,9.351880e-01,9.837161e-01,9.959182e-01
-34.8293,7.427129e-01,9.350497e-01,9.836766e-01,9.959077e-01
-34.3293,7.422779e-01,9.349031e-01,9.836348e-01,9.958965e-01
-33.8293,7.418167e-01,9.347475e-01,9.835904e-01,9.958847e-01
-33.3293,7.413278e-01,9.345826e-01,9.835433e-01,9.958721e-01
-32.8293,7.408094e-01,9.344076e-01,9.834933e-01,9.958588e-01
-32.3293,7.402597e-01,9.342221e-01,9.834403e-01,9.958446e-01
-31.8293,7.396768e-01,9.340252e-01,9.833841e-01,9.958296e-01
-31.3293,7.390587e-01,9.338164e-01,9.833244e-01,9.958137e-01
-30.8293,7.384033e-01,9.335948e-01,9.832611e-01,9.957968e-01
-30.3293,7.377081e-01,9.333597e-01,9.831939e-01,9.957789e-01
-29.8293,7.369707e-01,9.331103e-01,9.831225e-01,9.957598e-01
-29.3293,7.361886e-01,9.328455e-01,9.830468e-01,9.957396e-01
-28.8293,7.353589e-01,9.325645e-01,9.829664e-01,9.957181e-01
-28.3293,7.344787e-01,9.322662e-01,9.828811e-01,9.956954e-01
-27.8293,7.335448e-01,9.319495e-01,9.827904e-01,9.956711e-01
-27.3293,7.325540e-01,9.316132e-01,9.826941e-01,9.956454e-01
-26.8293,7.315025e-01,9.312561e-01,9.825918e-01,9.956181e-01
-26.3293,7.303865e-01,9.308769e-01,9.824831e-01,9.955890e-01
-25.8293,7.292021e-01,9.304741e-01,9.823676e-01,9.955582e-01
-25.3293,7.279449e-01,9.300461e-01,9.822449e-01,9.955254e-01
-24.8293,7.266102e-01,9.295913e-01,9.821144e-01,9.954905e-01
-24.3293,7.251932e-01,9.291081e-01,9.819757e-01,9.954534e-01
-23.8293,7.236885e-01,9.285944e-01,9.818282e-01,9.954139e-01
-23.3293,7.220905e-01,9.280482e-01,9.816712e-01,9.953719e-01
-22.8293,7.203933e-01,9.274675e-01,9.815043e-01,9.953272e-01
-22.3293,7.185905e-01,9.268498e-01,9.813266e-01,9.952796e-01
-21.8293,7.166751e-01,9.261928e-01,9.811374e-01,9.952290e-01
-21.3293,7.146399e-01,9.254936e-01,9.809361e-01,9.951750e-01
-20.8293,7.124771e-01,9.247495e-01,9.807216e-01,9.951176e-01
-20.3293,7.101784e-01,9.239574e-01,9.804931e-01,9.950563e-01
-19.8293,7.077348e-01,9.231138e-01,9.802496e-01,9.949910e-01
-19.3293,7.051367e-01,9.222154e-01,9.799901e-01,9.949214e-01
-18.8293,7.023741e-01,9.212581e-01,9.797133e-01,9.948471e-01
-18.3293,6.994359e-01,9.202379e-01,9.794181e-01,9.947678e-01
-17.8293,6.963105e-01,9.191502e-01,9.791031e-01,9.946832e-01
-17.3293,6.929855e-01,9.179903e-01,9.787668e-01,9.945928e-01
-16.8293,6.894475e-01,9.167529e-01,9.784077e-01,9.944962e-01
-16.3293,6.856823e-01,9.154324e-01,9.780240e-01,9.943930e-01
-15.8293,6.816746e-01,9.140227e-01,9.776139e-01,9.942826e-01
-15.3293,6.774083e-01,9.125172e-01,9.771755e-01,9.941645e-01
-14.8293,6.728658e-01,9.109088e-01,9.767064e-01,9.940381e-01
-14.3293,6.680288e-01,9.091898e-01,9.762044e-01,9.939027e-01
-13.8293,6.628775e-01,9.073518e-01,9.756669e-01,9.937577e-01
-13.3293,6.573909e-01,9.053858e-01,9.750911e-01,9.936022e-01
-12.8293,6.515466e-01,9.032818e-01,9.744738e-01,9.934354e-01
-12.3293,6.453209e-01,9.010294e-01,9.738119e-01,9.932564e-01
-11.8293,6.386887e-01,8.986168e-01,9.731016e-01,9.930642e-01
-11.3293,6.316235e-01,8.960316e-01,9.723389e-01,9.928576e-01
-10.8293,6.240971e-01,8.932600e-01,9.715197e-01,9.926355e-01
-10.3293,6.160803e-01,8.902874e-01,9.706390e-01,9.923965e-01
-9.8293,6.075422e-01,8.870974e-01,9.696918e-01,9.921393e-01
-9.3293,5.984508e-01,8.836728e-01,9.686724e-01,9.918621e-01
-8.8293,5.887729e-01,8.799944e-01,9.675745e-01,9.915634e-01
-8.3293,5.784743e-01,8.760417e-01,9.663913e-01,9.912410e-01
-7.8293,5.675204e-01,8.717921e-01,9.651155e-01,9.908930e-01
-7.3293,5.558762e-01,8.672214e-01,9.637387e-01,9.905171e-01
-6.8293,5.435068e-01,8.623032e-01,9.622521e-01,9.901106e-01
-6.3293,5.303783e-01,8.570087e-01,9.606458e-01,9.896708e-01
-5.8293,5.164585e-01,8.513072e-01,9.589089e-01,9.891946e-01
-5.3293,5.017176e-01,8.451649e-01,9.570295e-01,9.886785e-01
-4.8293,4.861295e-01,8.385458e-01,9.549946e-01,9.881189e-01
-4.3293,4.696735e-01,8.314108e-01,9.527898e-01,9.875115e-01
-3.8293,4.523354e-01,8.237179e-01,9.503993e-01,9.868518e-01
-3.3293,4.341098e-01,8.154222e-01,9.478058e-01,9.861347e-01
-2.8293,4.150020e-01,8.064755e-01,9.449902e-01,9.853545e-01
-2.3293,3.950304e-01,7.968267e-01,9.419315e-01,9.845052e-01
-1.8293,3.742293e-01,7.864215e-01,9.386067e-01,9.835798e-01
-1.3293,3.526514e-01,7.752027e-01,9.349906e-01,9.825707e-01
-0.8293,3.303704e-01,7.631103e-01,9.310554e-01,9.814696e-01
-0.3293,3.074840e-01,7.500824e-01,9.267709e-01,9.802671e-01
0.1707,2.841157e-01,7.360550e-01,9.221036e-01,9.789531e-01
0.6707,2.604163e-01,7.209634e-01,9.170174e-01,9.775160e-01
1.1707,2.365650e-01,7.047429e-01,9.114725e-01,9.759432e-01
1.6707,2.127677e-01,6.873302e-01,9.054256e-01,9.742208e-01
2.1707,1.892555e-01,6.686653e-01,8.988296e-01,9.723334e-01
2.6707,1.662792e-01,6.486932e-01,8.916336e-01,9.702637e-01
3.1707,1.441027e-01,6.273669e-01,8.837821e-01,9.679929e-01
3.6707,1.229930e-01,6.046500e-01,8.752159e-01,9.655000e-01
4.1707,1.032090e-01,5.805205e-01,8.658709e-01,9.627619e-01
4.6707,8.498720e-02,5.549748e-01,8.556789e-01,9.597529e-01
5.1707,6.852748e-02,5.280321e-01,8.445675e-01,9.564449e-01
5.6707,5.397868e-02,4.997393e-01,8.324602e-01,9.528067e-01
6.1707,4.142658e-02,4.701758e-01,8.192771e-01,9.488039e-01
6.6707,3.088555e-02,4.394588e-01,8.049356e-01,9.443990e-01
7.1707,2.229568e-02,4.077475e-01,7.893510e-01,9.395505e-01
7.6707,1.552655e-02,3.752466e-01,7.724385e-01,9.342129e-01
8.1707,1.038782e-02,3.422086e-01,7.541140e-01,9.283367e-01
8.6707,6.645928e-03,3.089334e-01,7.342974e-01,9.218677e-01
9.1707,4.044896e-03,2.757655e-01,7.129142e-01,9.147470e-01
9.6707,2.328284e-03,2.430874e-01,6.898999e-01,9.069107e-01
10.1707,1.259158e-03,2.113090e-01,6.652033e-01,8.982900e-01
10.6707,6.350671e-04,1.808528e-01,6.387913e-01,8.888108e-01
11.1707,2.962323e-04,1.521346e-01,6.106543e-01,8.783941e-01
11.6707,1.266033e-04,1.255417e-01,5.808123e-01,8.669558e-01
12.1707,4.905450e-05,1.014087e-01,5.493206e-01,8.544077e-01
12.6707,1.702903e-05,7.999397e-02,5.162766e-01,8.406576e-01
13.1707,5.226379e-06,6.145901e-02,4.818261e-01,8.256105e-01
13.6707,1.397094e-06,4.585452e-02,4.461683e-01,8.091698e-01
14.1707,3.198771e-07,3.311472e-02,4.095603e-01,7.912393e-01
14.6707,6.156030e-08,2.306264e-02,3.723186e-01,7.717253e-01
15.1707,9.750036e-09,1.542626e-02,3.348181e-01,7.505392e-01
15.6707,1.241097e-09,9.864450e-03,2.974867e-01,7.276016e-01
16.1707,1.236367e-10,5.999198e-03,2.607954e-01,7.028461e-01
16.6707,9.355405e-12,3.449742e-03,2.252435e-01,6.762246e-01
17.1707,5.200285e-13,1.863364e-03,1.913375e-01,6.477128e-01
17.6707,2.042810e-14,9.384473e-04,1.595664e-01,6.173166e-01
18.1707,4.440892e-16,4.370195e-04,1.303732e-01,5.850795e-01
18.6707,0.000000e+00,1.864204e-04,1.041253e-01,5.510890e-01
19.1707,0.000000e+00,7.207791e-05,8.108740e-02,5.154844e-01
19.6707,0.000000e+00,2.496165e-05,6.139964e-02,4.784628e-01
20.1707,0.000000e+00,7.640422e-06,4.506532e-02,4.402841e-01
20.6707,0.000000e+00,2.036259e-06,3.195034e-02,4.012737e-01
21.1707,0.000000e+00,4.646459e-07,2.179607e-02,3.618222e-01
21.6707,0.000000e+00,8.908259e-08,1.424490e-02,3.223807e-01
22.1707,0.000000e+00,1.404919e-08,8.875527e-03,2.834509e-01
22.6707,0.000000e+00,1.779831e-09,5.243132e-03,2.455698e-01
23.1707,0.000000e+00,1.763585e-10,2.918466e-03,2.092882e-01
23.6707,0.000000e+00,1.326494e-11,1.520017e-03,1.751442e-01
24.1707,0.000000e+00,7.323031e-13,7.349356e-04,1.436322e-01
24.6707,0.000000e+00,2.864375e-14,3.269652e-04,1.151709e-01
25.1707,0.000000e+00,6.661338e-16,1.325152e-04,9.007268e-02
25.6707,0.000000e+00,0.000000e+00,4.837957e-05,6.851868e-02
26.1707,0.000000e+00,0.000000e+00,1.571107e-05,5.054310e-02
26.6707,0.000000e+00,0.000000e+00,4.474431e-06,3.603049e-02
27.1707,0.000000e+00,0.000000e+00,1.099871e-06,2.472736e-02
27.6707,0.000000e+00,0.000000e+00,2.292207e-07,1.626777e-02
28.1707,0.000000e+00,0.000000e+00,3.969730e-08,1.021022e-02
28.6707,0.000000e+00,0.000000e+00,5.585775e-09,6.080681e-03
29.1707,0.000000e+00,0.000000e+00,6.226530e-10,3.415340e-03
29.6707,0.000000e+00,0.000000e+00,5.344813e-11,1.796793e-03
30.1707,0.000000e+00,0.000000e+00,3.422373e-12,8.785819e-04
30.6707,0.000000e+00,0.000000e+00,1.576517e-13,3.958208e-04
31.1707,0.000000e+00,0.000000e+00,5.107026e-15,1.626979e-04
31.6707,0.000000e+00,0.000000e+00,0.000000e+00,6.034407e-05
32.1707,0.000000e+00,0.000000e+00,0.000000e+00,1.994638e-05
32.6707,0.000000e+00,0.000000e+00,0.000000e+00,5.794459e-06
33.1707,0.000000e+00,0.000000e+00,0.000000e+00,1.456396e-06
33.6707,0.000000e+00,0.000000e+00,0.000000e+00,3.111919e-07
34.1707,0.000000e+00,0.000000e+00,0.000000e+00,5.542292e-08
34.6707,0.000000e+00,0.000000e+00,0.000000e+00,8.047195e-09
35.1707,0.000000e+00,0.000000e+00,0.000000e+00,9.291790e-10
35.6707,0.000000e+00,0.000000e+00,0.000000e+00,8.297363e-11
36.1707,0.000000e+00,0.000000e+00,0.000000e+00,5.553558e-12
36.6707,0.000000e+00,0.000000e+00,0.000000e+00,2.688960e-13

"# Panel (b) LO-dressed (Practical) -- SNR_dB, then SER for log2M=2,4,6,8,10"
SNR_dB,SER_log2M2,SER_log2M4,SER_log2M6,SER_log2M8,SER_log2M10
-73.6574,7.499172e-01,9.374722e-01,9.843671e-01,9.960916e-01,9.990229e-01
-73.1574,7.499123e-01,9.374706e-01,9.843666e-01,9.960915e-01,9.990229e-01
-72.6574,7.499071e-01,9.374688e-01,9.843661e-01,9.960914e-01,9.990228e-01
-72.1574,7.499016e-01,9.374670e-01,9.843656e-01,9.960912e-01,9.990228e-01
-71.6574,7.498957e-01,9.374650e-01,9.843650e-01,9.960911e-01,9.990228e-01
-71.1574,7.498896e-01,9.374630e-01,9.843645e-01,9.960909e-01,9.990227e-01
-70.6574,7.498830e-01,9.374608e-01,9.843638e-01,9.960908e-01,9.990227e-01
-70.1574,7.498761e-01,9.374584e-01,9.843632e-01,9.960906e-01,9.990226e-01
-69.6574,7.498688e-01,9.374560e-01,9.843625e-01,9.960904e-01,9.990226e-01
-69.1574,7.498610e-01,9.374534e-01,9.843617e-01,9.960902e-01,9.990225e-01
-68.6574,7.498527e-01,9.374506e-01,9.843609e-01,9.960900e-01,9.990225e-01
-68.1574,7.498440e-01,9.374477e-01,9.843601e-01,9.960898e-01,9.990224e-01
-67.6574,7.498348e-01,9.374446e-01,9.843592e-01,9.960895e-01,9.990224e-01
-67.1574,7.498250e-01,9.374413e-01,9.843583e-01,9.960893e-01,9.990223e-01
-66.6574,7.498146e-01,9.374378e-01,9.843573e-01,9.960890e-01,9.990222e-01
-66.1574,7.498036e-01,9.374341e-01,9.843562e-01,9.960888e-01,9.990221e-01
-65.6574,7.497920e-01,9.374302e-01,9.843551e-01,9.960885e-01,9.990221e-01
-65.1574,7.497796e-01,9.374261e-01,9.843540e-01,9.960881e-01,9.990220e-01
-64.6574,7.497666e-01,9.374217e-01,9.843527e-01,9.960878e-01,9.990219e-01
-64.1574,7.497527e-01,9.374171e-01,9.843514e-01,9.960875e-01,9.990218e-01
-63.6574,7.497381e-01,9.374121e-01,9.843500e-01,9.960871e-01,9.990217e-01
-63.1574,7.497226e-01,9.374069e-01,9.843485e-01,9.960867e-01,9.990216e-01
-62.6574,7.497061e-01,9.374014e-01,9.843469e-01,9.960863e-01,9.990215e-01
-62.1574,7.496887e-01,9.373956e-01,9.843453e-01,9.960858e-01,9.990214e-01
-61.6574,7.496703e-01,9.373894e-01,9.843435e-01,9.960854e-01,9.990213e-01
-61.1574,7.496507e-01,9.373828e-01,9.843416e-01,9.960849e-01,9.990211e-01
-60.6574,7.496300e-01,9.373759e-01,9.843397e-01,9.960843e-01,9.990210e-01
-60.1574,7.496081e-01,9.373685e-01,9.843376e-01,9.960838e-01,9.990209e-01
-59.6574,7.495848e-01,9.373607e-01,9.843354e-01,9.960832e-01,9.990207e-01
-59.1574,7.495602e-01,9.373525e-01,9.843330e-01,9.960826e-01,9.990206e-01
-58.6574,7.495342e-01,9.373437e-01,9.843305e-01,9.960819e-01,9.990204e-01
-58.1574,7.495065e-01,9.373345e-01,9.843279e-01,9.960812e-01,9.990202e-01
-57.6574,7.494773e-01,9.373246e-01,9.843251e-01,9.960805e-01,9.990200e-01
-57.1574,7.494463e-01,9.373142e-01,9.843221e-01,9.960797e-01,9.990198e-01
-56.6574,7.494135e-01,9.373032e-01,9.843190e-01,9.960788e-01,9.990196e-01
-56.1574,7.493787e-01,9.372916e-01,9.843157e-01,9.960779e-01,9.990194e-01
-55.6574,7.493418e-01,9.372792e-01,9.843121e-01,9.960770e-01,9.990191e-01
-55.1574,7.493028e-01,9.372661e-01,9.843084e-01,9.960760e-01,9.990189e-01
-54.6574,7.492615e-01,9.372522e-01,9.843045e-01,9.960750e-01,9.990186e-01
-54.1574,7.492177e-01,9.372375e-01,9.843003e-01,9.960739e-01,9.990183e-01
-53.6574,7.491713e-01,9.372220e-01,9.842958e-01,9.960727e-01,9.990180e-01
-53.1574,7.491221e-01,9.372055e-01,9.842912e-01,9.960714e-01,9.990177e-01
-52.6574,7.490701e-01,9.371880e-01,9.842862e-01,9.960701e-01,9.990173e-01
-52.1574,7.490149e-01,9.371695e-01,9.842809e-01,9.960687e-01,9.990170e-01
-51.6574,7.489565e-01,9.371499e-01,9.842753e-01,9.960672e-01,9.990166e-01
-51.1574,7.488946e-01,9.371291e-01,9.842694e-01,9.960656e-01,9.990162e-01
-50.6574,7.488290e-01,9.371071e-01,9.842631e-01,9.960640e-01,9.990158e-01
-50.1574,7.487596e-01,9.370838e-01,9.842565e-01,9.960622e-01,9.990153e-01
-49.6574,7.486860e-01,9.370591e-01,9.842495e-01,9.960603e-01,9.990148e-01
-49.1574,7.486080e-01,9.370329e-01,9.842420e-01,9.960583e-01,9.990143e-01
-48.6574,7.485254e-01,9.370052e-01,9.842341e-01,9.960562e-01,9.990138e-01
-48.1574,7.484379e-01,9.369758e-01,9.842257e-01,9.960540e-01,9.990132e-01
-47.6574,7.483452e-01,9.369446e-01,9.842169e-01,9.960516e-01,9.990126e-01
-47.1574,7.482469e-01,9.369117e-01,9.842075e-01,9.960491e-01,9.990119e-01
-46.6574,7.481429e-01,9.368767e-01,9.841975e-01,9.960465e-01,9.990112e-01
-46.1574,7.480326e-01,9.368397e-01,9.841870e-01,9.960437e-01,9.990105e-01
-45.6574,7.479158e-01,9.368004e-01,9.841758e-01,9.960407e-01,9.990098e-01
-45.1574,7.477920e-01,9.367589e-01,9.841640e-01,9.960375e-01,9.990089e-01
-44.6574,7.476609e-01,9.367148e-01,9.841514e-01,9.960342e-01,9.990081e-01
-44.1574,7.475220e-01,9.366681e-01,9.841381e-01,9.960307e-01,9.990072e-01
-43.6574,7.473747e-01,9.366187e-01,9.841240e-01,9.960269e-01,9.990062e-01
-43.1574,7.472188e-01,9.365663e-01,9.841091e-01,9.960229e-01,9.990052e-01
-42.6574,7.470535e-01,9.365107e-01,9.840933e-01,9.960187e-01,9.990041e-01
-42.1574,7.468783e-01,9.364518e-01,9.840765e-01,9.960142e-01,9.990029e-01
-41.6574,7.466928e-01,9.363895e-01,9.840587e-01,9.960095e-01,9.990017e-01
-41.1574,7.464961e-01,9.363234e-01,9.840399e-01,9.960045e-01,9.990004e-01
-40.6574,7.462878e-01,9.362533e-01,9.840199e-01,9.959992e-01,9.989990e-01
-40.1574,7.460669e-01,9.361790e-01,9.839987e-01,9.959935e-01,9.989976e-01
-39.6574,7.458329e-01,9.361003e-01,9.839763e-01,9.959875e-01,9.989960e-01
-39.1574,7.455849e-01,9.360169e-01,9.839525e-01,9.959812e-01,9.989944e-01
-38.6574,7.453221e-01,9.359285e-01,9.839273e-01,9.959745e-01,9.989927e-01
-38.1574,7.450436e-01,9.358348e-01,9.839006e-01,9.959674e-01,9.989908e-01
-37.6574,7.447484e-01,9.357354e-01,9.838722e-01,9.959598e-01,9.989889e-01
-37.1574,7.444355e-01,9.356301e-01,9.838422e-01,9.959518e-01,9.989868e-01
-36.6574,7.441039e-01,9.355184e-01,9.838104e-01,9.959433e-01,9.989846e-01
-36.1574,7.437524e-01,9.354000e-01,9.837766e-01,9.959343e-01,9.989823e-01
-35.6574,7.433799e-01,9.352745e-01,9.837408e-01,9.959248e-01,9.989798e-01
-35.1574,7.429849e-01,9.351414e-01,9.837028e-01,9.959146e-01,9.989772e-01
-34.6574,7.425662e-01,9.350003e-01,9.836625e-01,9.959039e-01,9.989744e-01
-34.1574,7.421224e-01,9.348506e-01,9.836198e-01,9.958925e-01,9.989715e-01
-33.6574,7.416519e-01,9.346919e-01,9.835745e-01,9.958804e-01,9.989684e-01
-33.1574,7.411530e-01,9.345236e-01,9.835264e-01,9.958676e-01,9.989651e-01
-32.6574,7.406240e-01,9.343451e-01,9.834754e-01,9.958540e-01,9.989616e-01
-32.1574,7.400632e-01,9.341557e-01,9.834214e-01,9.958396e-01,9.989578e-01
-31.6574,7.394684e-01,9.339548e-01,9.833640e-01,9.958243e-01,9.989539e-01
-31.1574,7.388377e-01,9.337417e-01,9.833031e-01,9.958080e-01,9.989497e-01
-30.6574,7.381688e-01,9.335156e-01,9.832384e-01,9.957908e-01,9.989452e-01
-30.1574,7.374594e-01,9.332756e-01,9.831698e-01,9.957725e-01,9.989405e-01
-29.6574,7.367070e-01,9.330210e-01,9.830970e-01,9.957530e-01,9.989355e-01
-29.1574,7.359088e-01,9.327508e-01,9.830197e-01,9.957324e-01,9.989302e-01
-28.6574,7.350621e-01,9.324639e-01,9.829376e-01,9.957105e-01,9.989245e-01
-28.1574,7.341639e-01,9.321594e-01,9.828505e-01,9.956872e-01,9.989185e-01
-27.6574,7.332108e-01,9.318361e-01,9.827579e-01,9.956625e-01,9.989121e-01
-27.1574,7.321995e-01,9.314929e-01,9.826596e-01,9.956362e-01,9.989053e-01
-26.6574,7.311263e-01,9.311283e-01,9.825552e-01,9.956083e-01,9.988981e-01
-26.1574,7.299873e-01,9.307411e-01,9.824442e-01,9.955786e-01,9.988904e-01
-25.6574,7.287783e-01,9.303298e-01,9.823263e-01,9.955471e-01,9.988823e-01
-25.1574,7.274950e-01,9.298929e-01,9.822009e-01,9.955136e-01,9.988736e-01
-24.6574,7.261326e-01,9.294285e-01,9.820677e-01,9.954780e-01,9.988644e-01
-24.1574,7.246860e-01,9.289350e-01,9.819260e-01,9.954401e-01,9.988546e-01
-23.6574,7.231499e-01,9.284104e-01,9.817753e-01,9.953998e-01,9.988442e-01
-23.1574,7.215185e-01,9.278526e-01,9.816150e-01,9.953569e-01,9.988331e-01
-22.6574,7.197857e-01,9.272594e-01,9.814444e-01,9.953112e-01,9.988213e-01
-22.1574,7.179450e-01,9.266285e-01,9.812629e-01,9.952626e-01,9.988087e-01
-21.6574,7.159893e-01,9.259573e-01,9.810696e-01,9.952108e-01,9.987953e-01
-21.1574,7.139112e-01,9.252430e-01,9.808639e-01,9.951557e-01,9.987810e-01
-20.6574,7.117026e-01,9.244828e-01,9.806447e-01,9.950969e-01,9.987658e-01
-20.1574,7.093551e-01,9.236733e-01,9.804112e-01,9.950343e-01,9.987496e-01
-19.6574,7.068595e-01,9.228113e-01,9.801623e-01,9.949676e-01,9.987323e-01
-19.1574,7.042060e-01,9.218931e-01,9.798970e-01,9.948964e-01,9.987139e-01
-18.6574,7.013843e-01,9.209147e-01,9.796140e-01,9.948204e-01,9.986942e-01
-18.1574,6.983831e-01,9.198718e-01,9.793121e-01,9.947393e-01,9.986732e-01
-17.6574,6.951906e-01,9.187598e-01,9.789899e-01,9.946528e-01,9.986508e-01
-17.1574,6.917939e-01,9.175739e-01,9.786460e-01,9.945603e-01,9.986268e-01
-16.6574,6.881794e-01,9.163086e-01,9.782786e-01,9.944615e-01,9.986012e-01
-16.1574,6.843326e-01,9.149581e-01,9.778861e-01,9.943559e-01,9.985738e-01
-15.6574,6.802379e-01,9.135163e-01,9.774665e-01,9.942429e-01,9.985445e-01
-15.1574,6.758786e-01,9.119762e-01,9.770178e-01,9.941220e-01,9.985132e-01
-14.6574,6.712371e-01,9.103307e-01,9.765377e-01,9.939926e-01,9.984796e-01
-14.1574,6.662943e-01,9.085718e-01,9.760238e-01,9.938540e-01,9.984436e-01
-13.6574,6.610301e-01,9.066908e-01,9.754734e-01,9.937055e-01,9.984050e-01
-13.1574,6.554231e-01,9.046785e-01,9.748837e-01,9.935462e-01,9.983636e-01
-12.6574,6.494505e-01,9.025248e-01,9.742515e-01,9.933753e-01,9.983192e-01
-12.1574,6.430879e-01,9.002186e-01,9.735733e-01,9.931918e-01,9.982715e-01
-11.6574,6.363099e-01,8.977482e-01,9.728455e-01,9.929948e-01,9.982203e-01
-11.1574,6.290894e-01,8.951005e-01,9.720639e-01,9.927831e-01,9.981652e-01
-10.6574,6.213978e-01,8.922615e-01,9.712241e-01,9.925553e-01,9.981059e-01
-10.1574,6.132053e-01,8.892160e-01,9.703212e-01,9.923102e-01,9.980421e-01
-9.6574,6.044807e-01,8.859475e-01,9.693498e-01,9.920463e-01,9.979733e-01
-9.1574,5.951914e-01,8.824378e-01,9.683041e-01,9.917620e-01,9.978992e-01
-8.6574,5.853040e-01,8.786675e-01,9.671777e-01,9.914553e-01,9.978193e-01
-8.1574,5.747841e-01,8.746153e-01,9.659635e-01,9.911244e-01,9.977330e-01
-7.6574,5.635968e-01,8.702582e-01,9.646540e-01,9.907671e-01,9.976397e-01
-7.1574,5.517071e-01,8.655711e-01,9.632405e-01,9.903809e-01,9.975389e-01
-6.6574,5.390805e-01,8.605269e-01,9.617139e-01,9.899633e-01,9.974298e-01
-6.1574,5.256835e-01,8.550961e-01,9.600639e-01,9.895114e-01,9.973116e-01
-5.6574,5.114846e-01,8.492470e-01,9.582795e-01,9.890219e-01,9.971836e-01
-5.1574,4.964551e-01,8.429450e-01,9.563482e-01,9.884913e-01,9.970448e-01
-4.6574,4.805707e-01,8.361530e-01,9.542565e-01,9.879157e-01,9.968940e-01
-4.1574,4.638126e-01,8.288311e-01,9.519898e-01,9.872909e-01,9.967303e-01
-3.6574,4.461696e-01,8.209362e-01,9.495315e-01,9.866120e-01,9.965523e-01
-3.1574,4.276394e-01,8.124223e-01,9.468639e-01,9.858739e-01,9.963586e-01
-2.6574,4.082318e-01,8.032402e-01,9.439671e-01,9.850707e-01,9.961477e-01
-2.1574,3.879703e-01,7.933376e-01,9.408196e-01,9.841960e-01,9.959178e-01
-1.6574,3.668952e-01,7.826592e-01,9.373977e-01,9.832427e-01,9.956671e-01
-1.1574,3.450661e-01,7.711469e-01,9.336751e-01,9.822030e-01,9.953934e-01
-0.6574,3.225647e-01,7.587401e-01,9.296234e-01,9.810681e-01,9.950944e-01
-0.1574,2.994973e-01,7.453758e-01,9.252112e-01,9.798285e-01,9.947674e-01
0.3426,2.759967e-01,7.309899e-01,9.204042e-01,9.784735e-01,9.944097e-01
0.8426,2.522235e-01,7.155174e-01,9.151649e-01,9.769912e-01,9.940179e-01
1.3426,2.283662e-01,6.988940e-01,9.094525e-01,9.753687e-01,9.935885e-01
1.8426,2.046398e-01,6.810574e-01,9.032223e-01,9.735914e-01,9.931175e-01
2.3426,1.812827e-01,6.619489e-01,8.964260e-01,9.716433e-01,9.926006e-01
2.8426,1.585512e-01,6.415161e-01,8.890111e-01,9.695067e-01,9.920328e-01
3.3426,1.367114e-01,6.197151e-01,8.809208e-01,9.671620e-01,9.914087e-01
3.8426,1.160292e-01,5.965142e-01,8.720943e-01,9.645876e-01,9.907222e-01
4.3426,9.675710e-02,5.718972e-01,8.624660e-01,9.617593e-01,9.899665e-01
4.8426,7.912087e-02,5.458678e-01,8.519663e-01,9.586509e-01,9.891342e-01
5.3426,6.330429e-02,5.184540e-01,8.405213e-01,9.552330e-01,9.882169e-01
5.8426,4.943576e-02,4.897136e-01,8.280533e-01,9.514735e-01,9.872053e-01
6.3426,3.757720e-02,4.597383e-01,8.144814e-01,9.473369e-01,9.860891e-01
6.8426,2.771745e-02,4.286593e-01,7.997221e-01,9.427844e-01,9.848568e-01
7.3426,1.977158e-02,3.966510e-01,7.836906e-01,9.377730e-01,9.834955e-01
7.8426,1.358703e-02,3.639346e-01,7.663019e-01,9.322561e-01,9.819911e-01
8.3425,8.957259e-03,3.307855e-01,7.474772e-01,9.261837e-01,9.803281e-01
8.8425,5.636713e-03,2.975062e-01,7.271303e-01,9.194977e-01,9.784883e-01
9.3425,3.367881e-03,2.644618e-01,7.051934e-01,9.121385e-01,9.764525e-01
9.8425,1.898974e-03,2.320457e-01,6.816060e-01,9.040408e-01,9.741990e-01
10.3425,1.003536e-03,2.006738e-01,6.563226e-01,8.951337e-01,9.717039e-01
10.8425,4.932253e-04,1.707688e-01,6.293176e-01,8.853415e-01,9.689406e-01
11.3425,2.235038e-04,1.427393e-01,6.005909e-01,8.745835e-01,9.658795e-01
11.8425,9.247218e-05,1.169573e-01,5.701738e-01,8.627740e-01,9.624883e-01
12.3425,3.455079e-05,9.373374e-02,5.381354e-01,8.498235e-01,9.587308e-01
12.8425,1.151521e-05,7.329563e-02,5.045891e-01,8.356385e-01,9.545675e-01
13.3425,3.376303e-06,5.576773e-02,4.696985e-01,8.201235e-01,9.499547e-01
13.8424,8.577149e-07,4.116343e-02,4.336895e-01,8.031853e-01,9.448456e-01
14.3424,1.854231e-07,2.937179e-02,3.968252e-01,7.847213e-01,9.391857e-01
14.8424,3.345905e-08,2.018404e-02,3.594496e-01,7.646427e-01,9.329186e-01
15.3424,4.930028e-09,1.330110e-02,3.219564e-01,7.428635e-01,9.259817e-01
15.8424,5.787106e-10,8.365347e-03,2.847899e-01,7.193084e-01,9.183072e-01
16.3423,5.266854e-11,4.994578e-03,2.484400e-01,6.939217e-01,9.098237e-01
16.8423,3.599343e-12,2.813212e-03,2.133961e-01,6.666528e-01,9.004488e-01
17.3423,1.785239e-13,1.484782e-03,1.801694e-01,6.374919e-01,8.900999e-01
17.8422,6.217249e-15,7.287760e-04,1.492423e-01,6.064633e-01,8.786899e-01
18.3422,2.220446e-16,3.296864e-04,1.210226e-01,5.736124e-01,8.661201e-01
18.8421,0.000000e+00,1.361690e-04,9.585651e-02,5.390569e-01,8.522971e-01
19.3421,0.000000e+00,5.076910e-05,7.395798e-02,5.029413e-01,8.371143e-01
19.8420,0.000000e+00,1.688397e-05,5.542982e-02,4.654981e-01,8.204749e-01
20.3419,0.000000e+00,4.938577e-06,4.022294e-02,4.270022e-01,8.022739e-01
20.8419,0.000000e+00,1.250533e-06,2.815645e-02,3.877936e-01,7.824077e-01
21.3418,0.000000e+00,2.695279e-07,1.893935e-02,3.482999e-01,7.607909e-01
21.8417,0.000000e+00,4.847278e-08,1.218538e-02,3.089826e-01,7.373366e-01
22.3416,0.000000e+00,7.115727e-09,7.460864e-03,2.703575e-01,7.119760e-01
22.8414,0.000000e+00,8.322196e-10,4.322904e-03,2.329758e-01,6.846660e-01
23.3413,0.000000e+00,7.536083e-11,2.354501e-03,1.973720e-01,6.553735e-01
23.8411,0.000000e+00,5.127010e-12,1.197026e-03,1.640863e-01,6.241207e-01
24.3410,0.000000e+00,2.526868e-13,5.632620e-04,1.335775e-01,5.909466e-01
24.8408,0.000000e+00,8.659740e-15,2.431307e-04,1.062430e-01,5.559639e-01
25.3405,0.000000e+00,2.220446e-16,9.528056e-05,8.235066e-02,5.193285e-01
25.8403,0.000000e+00,0.000000e+00,3.349424e-05,6.202304e-02,4.812425e-01
26.3400,0.000000e+00,0.000000e+00,1.042854e-05,4.525136e-02,4.420045e-01
26.8397,0.000000e+00,0.000000e+00,2.833237e-06,3.186721e-02,4.019591e-01
27.3394,0.000000e+00,0.000000e+00,6.606476e-07,2.157608e-02,3.615261e-01
27.8390,0.000000e+00,0.000000e+00,1.298303e-07,1.398395e-02,3.211945e-01
28.3385,0.000000e+00,0.000000e+00,2.106256e-08,8.633024e-03,2.814949e-01
28.8380,0.000000e+00,0.000000e+00,2.754902e-09,5.047783e-03,2.429817e-01
29.3375,0.000000e+00,0.000000e+00,2.830010e-10,2.777778e-03,2.062260e-01
29.8368,0.000000e+00,0.000000e+00,2.219536e-11,1.428830e-03,1.717917e-01
30.3361,0.000000e+00,0.000000e+00,1.284750e-12,6.813459e-04,1.401606e-01
30.8353,0.000000e+00,0.000000e+00,5.284662e-14,2.985454e-04,1.117489e-01
31.3345,0.000000e+00,0.000000e+00,1.554312e-15,1.189693e-04,8.684352e-02
31.8335,0.000000e+00,0.000000e+00,0.000000e+00,4.264494e-05,6.560530e-02
32.3324,0.000000e+00,0.000000e+00,0.000000e+00,1.357358e-05,4.802614e-02
32.8311,0.000000e+00,0.000000e+00,0.000000e+00,3.782836e-06,3.395325e-02
33.3297,0.000000e+00,0.000000e+00,0.000000e+00,9.081861e-07,2.309105e-02
33.8281,0.000000e+00,0.000000e+00,0.000000e+00,1.845435e-07,1.504255e-02
34.3264,0.000000e+00,0.000000e+00,0.000000e+00,3.109669e-08,9.340480e-03
34.8244,0.000000e+00,0.000000e+00,0.000000e+00,4.251771e-09,5.499294e-03
35.3222,0.000000e+00,0.000000e+00,0.000000e+00,4.598151e-10,3.050957e-03
35.8197,0.000000e+00,0.000000e+00,0.000000e+00,3.825895e-11,1.584248e-03
36.3169,0.000000e+00,0.000000e+00,0.000000e+00,2.373435e-12,7.640453e-04
36.8137,0.000000e+00,0.000000e+00,0.000000e+00,1.061373e-13,3.393392e-04
37.3102,0.000000e+00,0.000000e+00,0.000000e+00,3.330669e-15,1.374303e-04
37.8063,0.000000e+00,0.000000e+00,0.000000e+00,0.000000e+00,5.021321e-05
38.3018,0.000000e+00,0.000000e+00,0.000000e+00,0.000000e+00,1.635939e-05
38.7969,0.000000e+00,0.000000e+00,0.000000e+00,0.000000e+00,4.686609e-06
39.2913,0.000000e+00,0.000000e+00,0.000000e+00,0.000000e+00,1.163791e-06
39.7850,0.000000e+00,0.000000e+00,0.000000e+00,0.000000e+00,2.463555e-07
40.2780,0.000000e+00,0.000000e+00,0.000000e+00,0.000000e+00,4.363414e-08
40.7701,0.000000e+00,0.000000e+00,0.000000e+00,0.000000e+00,6.338629e-09
41.2612,0.000000e+00,0.000000e+00,0.000000e+00,0.000000e+00,7.384506e-10
41.7513,0.000000e+00,0.000000e+00,0.000000e+00,0.000000e+00,6.726597e-11
42.2401,0.000000e+00,0.000000e+00,0.000000e+00,0.000000e+00,4.665601e-12
42.7276,0.000000e+00,0.000000e+00,0.000000e+00,0.000000e+00,2.389200e-13
43.2135,0.000000e+00,0.000000e+00,0.000000e+00,0.000000e+00,8.659740e-15
43.6977,0.000000e+00,0.000000e+00,0.000000e+00,0.000000e+00,2.220446e-16
44.1799,0.000000e+00,0.000000e+00,0.000000e+00,0.000000e+00,0.000000e+00
44.6600,0.000000e+00,0.000000e+00,0.000000e+00,0.000000e+00,0.000000e+00
45.1377,0.000000e+00,0.000000e+00,0.000000e+00,0.000000e+00,0.000000e+00
45.6125,0.000000e+00,0.000000e+00,0.000000e+00,0.000000e+00,0.000000e+00
45.8588,0.000000e+00,0.000000e+00,0.000000e+00,0.000000e+00,0.000000e+00
46.0843,0.000000e+00,0.000000e+00,0.000000e+00,0.000000e+00,0.000000e+00
46.5526,0.000000e+00,0.000000e+00,0.000000e+00,0.000000e+00,0.000000e+00
46.8744,0.000000e+00,0.000000e+00,0.000000e+00,0.000000e+00,0.000000e+00
47.0170,0.000000e+00,0.000000e+00,0.000000e+00,0.000000e+00,0.000000e+00
47.4770,0.000000e+00,0.000000e+00,0.000000e+00,0.000000e+00,0.000000e+00
47.8351,0.000000e+00,0.000000e+00,0.000000e+00,0.000000e+00,0.000000e+00
47.9320,0.000000e+00,0.000000e+00,0.000000e+00,0.000000e+00,0.000000e+00
48.3815,0.000000e+00,0.000000e+00,0.000000e+00,0.000000e+00,0.000000e+00
48.7367,0.000000e+00,0.000000e+00,0.000000e+00,0.000000e+00,0.000000e+00
48.8247,0.000000e+00,0.000000e+00,0.000000e+00,0.000000e+00,0.000000e+00
49.2609,0.000000e+00,0.000000e+00,0.000000e+00,0.000000e+00,0.000000e+00
49.5750,0.000000e+00,0.000000e+00,0.000000e+00,0.000000e+00,0.000000e+00
49.6891,0.000000e+00,0.000000e+00,0.000000e+00,0.000000e+00,0.000000e+00
50.1084,0.000000e+00,0.000000e+00,0.000000e+00,0.000000e+00,0.000000e+00
50.3464,0.000000e+00,0.000000e+00,0.000000e+00,0.000000e+00,0.000000e+00
50.5176,0.000000e+00,0.000000e+00,0.000000e+00,0.000000e+00,0.000000e+00
50.9155,0.000000e+00,0.000000e+00,0.000000e+00,0.000000e+00,0.000000e+00
51.0478,0.000000e+00,0.000000e+00,0.000000e+00,0.000000e+00,0.000000e+00
51.3007,0.000000e+00,0.000000e+00,0.000000e+00,0.000000e+00,0.000000e+00
51.6715,0.000000e+00,0.000000e+00,0.000000e+00,0.000000e+00,0.000000e+00
51.6767,0.000000e+00,0.000000e+00,0.000000e+00,0.000000e+00,0.000000e+00
52.0261,0.000000e+00,0.000000e+00,0.000000e+00,0.000000e+00,0.000000e+00
52.2316,0.000000e+00,0.000000e+00,0.000000e+00,0.000000e+00,0.000000e+00
52.3626,0.000000e+00,0.000000e+00,0.000000e+00,0.000000e+00,0.000000e+00
52.6787,0.000000e+00,0.000000e+00,0.000000e+00,0.000000e+00,0.000000e+00
52.7119,0.000000e+00,0.000000e+00,0.000000e+00,0.000000e+00,0.000000e+00
52.9719,0.000000e+00,0.000000e+00,0.000000e+00,0.000000e+00,0.000000e+00
53.1179,0.000000e+00,0.000000e+00,0.000000e+00,0.000000e+00,0.000000e+00
53.2394,0.000000e+00,0.000000e+00,0.000000e+00,0.000000e+00,0.000000e+00
53.4508,0.000000e+00,0.000000e+00,0.000000e+00,0.000000e+00,0.000000e+00
53.4783,0.000000e+00,0.000000e+00,0.000000e+00,0.000000e+00,0.000000e+00
53.6851,0.000000e+00,0.000000e+00,0.000000e+00,0.000000e+00,0.000000e+00
53.7127,0.000000e+00,0.000000e+00,0.000000e+00,0.000000e+00,0.000000e+00
53.9065,0.000000e+00,0.000000e+00,0.000000e+00,0.000000e+00,0.000000e+00
53.9879,0.000000e+00,0.000000e+00,0.000000e+00,0.000000e+00,0.000000e+00
54.0358,0.000000e+00,0.000000e+00,0.000000e+00,0.000000e+00,0.000000e+00
54.0760,0.000000e+00,0.000000e+00,0.000000e+00,0.000000e+00,0.000000e+00
54.1042,0.000000e+00,0.000000e+00,0.000000e+00,0.000000e+00,0.000000e+00
54.1162,0.000000e+00,0.000000e+00,0.000000e+00,0.000000e+00,0.000000e+00

"# Panel (c) LO-free -- SNR_dB, then SER for log2M=2,4,6,8"
SNR_dB,SER_log2M2,SER_log2M4,SER_log2M6,SER_log2M8
-40.0000,7.500000e-01,9.375000e-01,9.843750e-01,9.960938e-01
-39.7744,7.500000e-01,9.375000e-01,9.843750e-01,9.960938e-01
-39.5489,7.500000e-01,9.375000e-01,9.843750e-01,9.960938e-01
-39.3233,7.500000e-01,9.375000e-01,9.843750e-01,9.960938e-01
-39.0977,7.500000e-01,9.375000e-01,9.843750e-01,9.960938e-01
-38.8722,7.500000e-01,9.375000e-01,9.843750e-01,9.960938e-01
-38.6466,7.500000e-01,9.375000e-01,9.843750e-01,9.960938e-01
-38.4211,7.500000e-01,9.375000e-01,9.843750e-01,9.960938e-01
-38.1955,7.500000e-01,9.375000e-01,9.843750e-01,9.960938e-01
-37.9699,7.500000e-01,9.375000e-01,9.843750e-01,9.960938e-01
-37.7444,7.500000e-01,9.375000e-01,9.843750e-01,9.960938e-01
-37.5188,7.500000e-01,9.375000e-01,9.843750e-01,9.960938e-01
-37.2932,7.500000e-01,9.375000e-01,9.843750e-01,9.960938e-01
-37.0677,7.500000e-01,9.375000e-01,9.843750e-01,9.960938e-01
-36.8421,7.500000e-01,9.375000e-01,9.843750e-01,9.960938e-01
-36.6165,7.500000e-01,9.375000e-01,9.843750e-01,9.960938e-01
-36.3910,7.500000e-01,9.375000e-01,9.843750e-01,9.960938e-01
-36.1654,7.500000e-01,9.375000e-01,9.843750e-01,9.960938e-01
-35.9398,7.500000e-01,9.375000e-01,9.843750e-01,9.960938e-01
-35.7143,7.500000e-01,9.375000e-01,9.843750e-01,9.960938e-01
-35.4887,7.500000e-01,9.375000e-01,9.843750e-01,9.960938e-01
-35.2632,7.500000e-01,9.375000e-01,9.843750e-01,9.960938e-01
-35.0376,7.500000e-01,9.375000e-01,9.843750e-01,9.960938e-01
-34.8120,7.500000e-01,9.375000e-01,9.843750e-01,9.960938e-01
-34.5865,7.500000e-01,9.375000e-01,9.843750e-01,9.960938e-01
-34.3609,7.500000e-01,9.375000e-01,9.843750e-01,9.960938e-01
-34.1353,7.500000e-01,9.375000e-01,9.843750e-01,9.960938e-01
-33.9098,7.500000e-01,9.375000e-01,9.843750e-01,9.960938e-01
-33.6842,7.500000e-01,9.375000e-01,9.843750e-01,9.960938e-01
-33.4586,7.500000e-01,9.375000e-01,9.843750e-01,9.960938e-01
-33.2331,7.500000e-01,9.375000e-01,9.843750e-01,9.960938e-01
-33.0075,7.500000e-01,9.375000e-01,9.843750e-01,9.960938e-01
-32.7820,7.500000e-01,9.375000e-01,9.843750e-01,9.960938e-01
-32.5564,7.500000e-01,9.375000e-01,9.843750e-01,9.960938e-01
-32.3308,7.500000e-01,9.375000e-01,9.843750e-01,9.960938e-01
-32.1053,7.500000e-01,9.375000e-01,9.843750e-01,9.960938e-01
-31.8797,7.500000e-01,9.375000e-01,9.843750e-01,9.960938e-01
-31.6541,7.500000e-01,9.375000e-01,9.843750e-01,9.960938e-01
-31.4286,7.500000e-01,9.375000e-01,9.843750e-01,9.960938e-01
-31.2030,7.500000e-01,9.375000e-01,9.843750e-01,9.960938e-01
-30.9774,7.500000e-01,9.375000e-01,9.843750e-01,9.960938e-01
-30.7519,7.500000e-01,9.375000e-01,9.843750e-01,9.960938e-01
-30.5263,7.500000e-01,9.375000e-01,9.843750e-01,9.960938e-01
-30.3008,7.500000e-01,9.375000e-01,9.843750e-01,9.960938e-01
-30.0752,7.500000e-01,9.375000e-01,9.843750e-01,9.960938e-01
-29.8496,7.500000e-01,9.375000e-01,9.843750e-01,9.960938e-01
-29.6241,7.500000e-01,9.375000e-01,9.843750e-01,9.960938e-01
-29.3985,7.500000e-01,9.375000e-01,9.843750e-01,9.960938e-01
-29.1729,7.500000e-01,9.375000e-01,9.843750e-01,9.960938e-01
-28.9474,7.500000e-01,9.375000e-01,9.843750e-01,9.960938e-01
-28.7218,7.500000e-01,9.375000e-01,9.843750e-01,9.960938e-01
-28.4962,7.500000e-01,9.375000e-01,9.843750e-01,9.960938e-01
-28.2707,7.500000e-01,9.375000e-01,9.843750e-01,9.960938e-01
-28.0451,7.500000e-01,9.375000e-01,9.843750e-01,9.960938e-01
-27.8195,7.500000e-01,9.375000e-01,9.843750e-01,9.960938e-01
-27.5940,7.500000e-01,9.375000e-01,9.843750e-01,9.960938e-01
-27.3684,7.500000e-01,9.375000e-01,9.843750e-01,9.960938e-01
-27.1429,7.500000e-01,9.375000e-01,9.843750e-01,9.960938e-01
-26.9173,7.500000e-01,9.375000e-01,9.843750e-01,9.960938e-01
-26.6917,7.500000e-01,9.375000e-01,9.843750e-01,9.960938e-01
-26.4662,7.500000e-01,9.375000e-01,9.843750e-01,9.960938e-01
-26.2406,7.500000e-01,9.375000e-01,9.843750e-01,9.960938e-01
-26.0150,7.500000e-01,9.375000e-01,9.843750e-01,9.960938e-01
-25.7895,7.500000e-01,9.375000e-01,9.843750e-01,9.960938e-01
-25.5639,7.500000e-01,9.375000e-01,9.843750e-01,9.960938e-01
-25.3383,7.500000e-01,9.375000e-01,9.843750e-01,9.960938e-01
-25.1128,7.500000e-01,9.375000e-01,9.843750e-01,9.960938e-01
-24.8872,7.500000e-01,9.375000e-01,9.843750e-01,9.960938e-01
-24.6617,7.500000e-01,9.375000e-01,9.843750e-01,9.960938e-01
-24.4361,7.500000e-01,9.375000e-01,9.843750e-01,9.960938e-01
-24.2105,7.500000e-01,9.375000e-01,9.843750e-01,9.960938e-01
-23.9850,7.500000e-01,9.375000e-01,9.843750e-01,9.960938e-01
-23.7594,7.500000e-01,9.375000e-01,9.843750e-01,9.960938e-01
-23.5338,7.500000e-01,9.375000e-01,9.843750e-01,9.960938e-01
-23.3083,7.500000e-01,9.375000e-01,9.843750e-01,9.960938e-01
-23.0827,7.500000e-01,9.375000e-01,9.843750e-01,9.960938e-01
-22.8571,7.500000e-01,9.375000e-01,9.843750e-01,9.960938e-01
-22.6316,7.500000e-01,9.375000e-01,9.843750e-01,9.960938e-01
-22.4060,7.500000e-01,9.375000e-01,9.843750e-01,9.960938e-01
-22.1805,7.500000e-01,9.375000e-01,9.843750e-01,9.960938e-01
-21.9549,7.500000e-01,9.375000e-01,9.843750e-01,9.960938e-01
-21.7293,7.500000e-01,9.375000e-01,9.843750e-01,9.960938e-01
-21.5038,7.500000e-01,9.375000e-01,9.843750e-01,9.960938e-01
-21.2782,7.500000e-01,9.375000e-01,9.843750e-01,9.960938e-01
-21.0526,7.500000e-01,9.375000e-01,9.843750e-01,9.960938e-01
-20.8271,7.500000e-01,9.375000e-01,9.843750e-01,9.960938e-01
-20.6015,7.500000e-01,9.375000e-01,9.843750e-01,9.960938e-01
-20.3759,7.500000e-01,9.375000e-01,9.843750e-01,9.960938e-01
-20.1504,7.500000e-01,9.375000e-01,9.843750e-01,9.960938e-01
-19.9248,7.500000e-01,9.375000e-01,9.843750e-01,9.960938e-01
-19.6992,7.500000e-01,9.375000e-01,9.843750e-01,9.960938e-01
-19.4737,7.500000e-01,9.375000e-01,9.843750e-01,9.960938e-01
-19.2481,7.500000e-01,9.375000e-01,9.843750e-01,9.960938e-01
-19.0226,7.500000e-01,9.375000e-01,9.843750e-01,9.960938e-01
-18.7970,7.500000e-01,9.375000e-01,9.843750e-01,9.960938e-01
-18.5714,7.500000e-01,9.375000e-01,9.843750e-01,9.960938e-01
-18.3459,7.500000e-01,9.375000e-01,9.843750e-01,9.960938e-01
-18.1203,7.500000e-01,9.375000e-01,9.843750e-01,9.960938e-01
-17.8947,7.500000e-01,9.375000e-01,9.843750e-01,9.960938e-01
-17.6692,7.500000e-01,9.375000e-01,9.843750e-01,9.960938e-01
-17.4436,7.500000e-01,9.375000e-01,9.843750e-01,9.960938e-01
-17.2180,7.500000e-01,9.375000e-01,9.843750e-01,9.960938e-01
-16.9925,7.500000e-01,9.375000e-01,9.843750e-01,9.960938e-01
-16.7669,7.500000e-01,9.375000e-01,9.843750e-01,9.960938e-01
-16.5414,7.500000e-01,9.375000e-01,9.843750e-01,9.960938e-01
-16.3158,7.500000e-01,9.375000e-01,9.843750e-01,9.960938e-01
-16.0902,7.500000e-01,9.375000e-01,9.843750e-01,9.960938e-01
-15.8647,7.500000e-01,9.375000e-01,9.843750e-01,9.960938e-01
-15.6391,7.500000e-01,9.375000e-01,9.843750e-01,9.960938e-01
-15.4135,7.500000e-01,9.375000e-01,9.843750e-01,9.960938e-01
-15.1880,7.500000e-01,9.375000e-01,9.843750e-01,9.960938e-01
-14.9624,7.500000e-01,9.375000e-01,9.843750e-01,9.960938e-01
-14.7368,7.500000e-01,9.375000e-01,9.843750e-01,9.960938e-01
-14.5113,7.500000e-01,9.375000e-01,9.843750e-01,9.960938e-01
-14.2857,7.500000e-01,9.375000e-01,9.843750e-01,9.960938e-01
-14.0602,7.500000e-01,9.375000e-01,9.843750e-01,9.960938e-01
-13.8346,7.500000e-01,9.375000e-01,9.843750e-01,9.960938e-01
-13.6090,7.500000e-01,9.375000e-01,9.843750e-01,9.960938e-01
-13.3835,7.500000e-01,9.375000e-01,9.843750e-01,9.960938e-01
-13.1579,7.500000e-01,9.375000e-01,9.843750e-01,9.960938e-01
-12.9323,7.500000e-01,9.375000e-01,9.843750e-01,9.960938e-01
-12.7068,7.500000e-01,9.375000e-01,9.843750e-01,9.960938e-01
-12.4812,7.500000e-01,9.375000e-01,9.843750e-01,9.960938e-01
-12.2556,7.500000e-01,9.375000e-01,9.843750e-01,9.960938e-01
-12.0301,7.500000e-01,9.375000e-01,9.843750e-01,9.960938e-01
-11.8045,7.500000e-01,9.375000e-01,9.843750e-01,9.960938e-01
-11.5789,7.500000e-01,9.375000e-01,9.843750e-01,9.960938e-01
-11.3534,7.500000e-01,9.375000e-01,9.843750e-01,9.960938e-01
-11.1278,7.500000e-01,9.375000e-01,9.843750e-01,9.960938e-01
-10.9023,7.500000e-01,9.375000e-01,9.843750e-01,9.960938e-01
-10.6767,7.500000e-01,9.375000e-01,9.843750e-01,9.960938e-01
-10.4511,7.500000e-01,9.375000e-01,9.843750e-01,9.960938e-01
-10.2256,7.500000e-01,9.375000e-01,9.843750e-01,9.960938e-01
-10.0000,7.500000e-01,9.375000e-01,9.843750e-01,9.960938e-01
-9.7744,7.500000e-01,9.375000e-01,9.843750e-01,9.960938e-01
-9.5489,7.500000e-01,9.375000e-01,9.843750e-01,9.960938e-01
-9.3233,7.500000e-01,9.375000e-01,9.843750e-01,9.960938e-01
-9.0977,7.500000e-01,9.375000e-01,9.843750e-01,9.960938e-01
-8.8722,7.500000e-01,9.375000e-01,9.843750e-01,9.960938e-01
-8.6466,7.500000e-01,9.375000e-01,9.843750e-01,9.960938e-01
-8.4211,7.500000e-01,9.375000e-01,9.843750e-01,9.960938e-01
-8.1955,7.500000e-01,9.375000e-01,9.843750e-01,9.960938e-01
-7.9699,7.500000e-01,9.375000e-01,9.843750e-01,9.960938e-01
-7.7444,7.500000e-01,9.375000e-01,9.843750e-01,9.960938e-01
-7.5188,7.500000e-01,9.375000e-01,9.843750e-01,9.960938e-01
-7.2932,7.500000e-01,9.375000e-01,9.843750e-01,9.960938e-01
-7.0677,7.500000e-01,9.375000e-01,9.843750e-01,9.960938e-01
-6.8421,7.500000e-01,9.375000e-01,9.843750e-01,9.960938e-01
-6.6165,7.500000e-01,9.375000e-01,9.843750e-01,9.960938e-01
-6.3910,7.500000e-01,9.375000e-01,9.843750e-01,9.960938e-01
-6.1654,7.500000e-01,9.375000e-01,9.843750e-01,9.960938e-01
-5.9398,7.500000e-01,9.375000e-01,9.843750e-01,9.960938e-01
-5.7143,7.500000e-01,9.375000e-01,9.843750e-01,9.960938e-01
-5.4887,7.500000e-01,9.375000e-01,9.843750e-01,9.960938e-01
-5.2632,7.500000e-01,9.375000e-01,9.843750e-01,9.960938e-01
-5.0376,7.500000e-01,9.375000e-01,9.843750e-01,9.960938e-01
-4.8120,7.500000e-01,9.375000e-01,9.843750e-01,9.960938e-01
-4.5865,7.500000e-01,9.375000e-01,9.843750e-01,9.960938e-01
-4.3609,7.500000e-01,9.375000e-01,9.843750e-01,9.960938e-01
-4.1353,7.500000e-01,9.375000e-01,9.843750e-01,9.960938e-01
-3.9098,7.500000e-01,9.375000e-01,9.843750e-01,9.960938e-01
-3.6842,7.500000e-01,9.375000e-01,9.843750e-01,9.960938e-01
-3.4586,7.500000e-01,9.375000e-01,9.843750e-01,9.960938e-01
-3.2331,7.500000e-01,9.375000e-01,9.843750e-01,9.960938e-01
-3.0075,7.500000e-01,9.375000e-01,9.843750e-01,9.960938e-01
-2.7820,7.500000e-01,9.375000e-01,9.843750e-01,9.960938e-01
-2.5564,7.500000e-01,9.375000e-01,9.843750e-01,9.960938e-01
-2.3308,7.500000e-01,9.375000e-01,9.843750e-01,9.960938e-01
-2.1053,7.500000e-01,9.375000e-01,9.843750e-01,9.960938e-01
-1.8797,7.500000e-01,9.375000e-01,9.843750e-01,9.960938e-01
-1.6541,7.500000e-01,9.375000e-01,9.843750e-01,9.960938e-01
-1.4286,7.500000e-01,9.375000e-01,9.843750e-01,9.960938e-01
-1.2030,7.500000e-01,9.375000e-01,9.843750e-01,9.960938e-01
-0.9774,7.500000e-01,9.375000e-01,9.843750e-01,9.960938e-01
-0.7519,7.500000e-01,9.375000e-01,9.843750e-01,9.960938e-01
-0.5263,7.500000e-01,9.375000e-01,9.843750e-01,9.960938e-01
-0.3008,7.500000e-01,9.375000e-01,9.843750e-01,9.960938e-01
-0.0752,7.500000e-01,9.375000e-01,9.843750e-01,9.960938e-01
0.1504,7.500000e-01,9.375000e-01,9.843750e-01,9.960938e-01
0.3759,7.500000e-01,9.375000e-01,9.843750e-01,9.960938e-01
0.6015,7.500000e-01,9.375000e-01,9.843750e-01,9.960938e-01
0.8271,7.500000e-01,9.375000e-01,9.843750e-01,9.960938e-01
1.0526,7.500000e-01,9.375000e-01,9.843750e-01,9.960938e-01
1.2782,7.500000e-01,9.375000e-01,9.843750e-01,9.960938e-01
1.5038,7.500000e-01,9.375000e-01,9.843750e-01,9.960938e-01
1.7293,7.500000e-01,9.375000e-01,9.843750e-01,9.960938e-01
1.9549,7.500000e-01,9.375000e-01,9.843750e-01,9.960938e-01
2.1805,7.500000e-01,9.375000e-01,9.843750e-01,9.960938e-01
2.4060,7.500000e-01,9.375000e-01,9.843750e-01,9.960938e-01
2.6316,7.500000e-01,9.375000e-01,9.843750e-01,9.960938e-01
2.8571,7.500000e-01,9.375000e-01,9.843750e-01,9.960938e-01
3.0827,7.500000e-01,9.375000e-01,9.843750e-01,9.960938e-01
3.3083,7.500000e-01,9.375000e-01,9.843750e-01,9.960938e-01
3.5338,7.500000e-01,9.375000e-01,9.843750e-01,9.960938e-01
3.7594,7.500000e-01,9.375000e-01,9.843750e-01,9.960938e-01
3.9850,7.500000e-01,9.375000e-01,9.843750e-01,9.960938e-01
4.2105,7.500000e-01,9.375000e-01,9.843750e-01,9.960938e-01
4.4361,7.500000e-01,9.375000e-01,9.843750e-01,9.960938e-01
4.6617,7.500000e-01,9.375000e-01,9.843750e-01,9.960938e-01
4.8872,7.500000e-01,9.375000e-01,9.843750e-01,9.960938e-01
5.1128,7.500000e-01,9.375000e-01,9.843750e-01,9.960938e-01
5.3383,7.500000e-01,9.375000e-01,9.843750e-01,9.960938e-01
5.5639,7.500000e-01,9.375000e-01,9.843750e-01,9.960938e-01
5.7895,7.500000e-01,9.375000e-01,9.843750e-01,9.960938e-01
6.0150,7.500000e-01,9.375000e-01,9.843750e-01,9.960938e-01
6.2406,7.500000e-01,9.375000e-01,9.843750e-01,9.960938e-01
6.4662,7.500000e-01,9.375000e-01,9.843750e-01,9.960938e-01
6.6917,7.500000e-01,9.375000e-01,9.843750e-01,9.960938e-01
6.9173,7.500000e-01,9.375000e-01,9.843750e-01,9.960938e-01
7.1429,7.500000e-01,9.375000e-01,9.843750e-01,9.960938e-01
7.3684,7.500000e-01,9.375000e-01,9.843750e-01,9.960938e-01
7.5940,7.500000e-01,9.375000e-01,9.843750e-01,9.960938e-01
7.8195,7.500000e-01,9.375000e-01,9.843750e-01,9.960938e-01
8.0451,7.500000e-01,9.375000e-01,9.843750e-01,9.960938e-01
8.2707,7.500000e-01,9.375000e-01,9.843750e-01,9.960938e-01
8.4962,7.500000e-01,9.375000e-01,9.843750e-01,9.960938e-01
8.7218,7.500000e-01,9.375000e-01,9.843750e-01,9.960938e-01
8.9474,7.500000e-01,9.375000e-01,9.843750e-01,9.960938e-01
9.1729,7.500000e-01,9.375000e-01,9.843750e-01,9.960938e-01
9.3985,7.500000e-01,9.375000e-01,9.843750e-01,9.960938e-01
9.6241,7.500000e-01,9.375000e-01,9.843750e-01,9.960938e-01
9.8496,7.500000e-01,9.375000e-01,9.843750e-01,9.960938e-01
10.0752,7.500000e-01,9.375000e-01,9.843750e-01,9.960938e-01
10.3008,7.500000e-01,9.375000e-01,9.843750e-01,9.960938e-01
10.5263,7.500000e-01,9.375000e-01,9.843750e-01,9.960938e-01
10.7519,7.500000e-01,9.375000e-01,9.843750e-01,9.960938e-01
10.9774,7.500000e-01,9.375000e-01,9.843750e-01,9.960938e-01
11.2030,7.500000e-01,9.375000e-01,9.843750e-01,9.960938e-01
11.4286,7.500000e-01,9.375000e-01,9.843750e-01,9.960938e-01
11.6541,7.500000e-01,9.375000e-01,9.843750e-01,9.960938e-01
11.8797,7.500000e-01,9.375000e-01,9.843750e-01,9.960938e-01
12.1053,7.500000e-01,9.375000e-01,9.843750e-01,9.960938e-01
12.3308,7.500000e-01,9.375000e-01,9.843750e-01,9.960938e-01
12.5564,7.500000e-01,9.375000e-01,9.843750e-01,9.960938e-01
12.7820,7.500000e-01,9.375000e-01,9.843750e-01,9.960938e-01
13.0075,7.500000e-01,9.375000e-01,9.843750e-01,9.960938e-01
13.2331,7.500000e-01,9.375000e-01,9.843750e-01,9.960938e-01
13.4586,7.500000e-01,9.375000e-01,9.843750e-01,9.960938e-01
13.6842,7.500000e-01,9.375000e-01,9.843750e-01,9.960938e-01
13.9098,7.500000e-01,9.375000e-01,9.843750e-01,9.960938e-01
14.1353,7.500000e-01,9.375000e-01,9.843750e-01,9.960938e-01
14.3609,7.500000e-01,9.375000e-01,9.843750e-01,9.960938e-01
14.5865,7.500000e-01,9.375000e-01,9.843750e-01,9.960938e-01
14.8120,7.500000e-01,9.375000e-01,9.843750e-01,9.960938e-01
15.0376,7.500000e-01,9.375000e-01,9.843750e-01,9.960938e-01
15.2632,7.500000e-01,9.375000e-01,9.843750e-01,9.960938e-01
15.4887,7.500000e-01,9.375000e-01,9.843750e-01,9.960938e-01
15.7143,7.500000e-01,9.375000e-01,9.843750e-01,9.960938e-01
15.9398,7.500000e-01,9.375000e-01,9.843750e-01,9.960938e-01
16.1654,7.500000e-01,9.375000e-01,9.843750e-01,9.960938e-01
16.3910,7.500000e-01,9.375000e-01,9.843750e-01,9.960938e-01
16.6165,7.500000e-01,9.375000e-01,9.843750e-01,9.960938e-01
16.8421,7.500000e-01,9.375000e-01,9.843750e-01,9.960938e-01
17.0677,7.500000e-01,9.375000e-01,9.843750e-01,9.960938e-01
17.2932,7.500000e-01,9.375000e-01,9.843750e-01,9.960938e-01
17.5188,7.500000e-01,9.375000e-01,9.843750e-01,9.960938e-01
17.7444,7.500000e-01,9.375000e-01,9.843750e-01,9.960938e-01
17.9699,7.500000e-01,9.375000e-01,9.843750e-01,9.960938e-01
18.1955,7.500000e-01,9.375000e-01,9.843750e-01,9.960938e-01
18.4211,7.500000e-01,9.375000e-01,9.843750e-01,9.960938e-01
18.6466,7.500000e-01,9.375000e-01,9.843750e-01,9.960938e-01
18.8722,7.500000e-01,9.375000e-01,9.843750e-01,9.960938e-01
19.0977,7.500000e-01,9.375000e-01,9.843750e-01,9.960938e-01
19.3233,7.500000e-01,9.375000e-01,9.843750e-01,9.960938e-01
19.5489,7.500000e-01,9.375000e-01,9.843750e-01,9.960938e-01
19.7744,7.500000e-01,9.375000e-01,9.843750e-01,9.960938e-01
20.0000,7.500000e-01,9.375000e-01,9.843750e-01,9.960938e-01
20.2256,7.500000e-01,9.375000e-01,9.843750e-01,9.960938e-01
20.4511,7.500000e-01,9.375000e-01,9.843750e-01,9.960938e-01
20.6767,7.500000e-01,9.375000e-01,9.843750e-01,9.960938e-01
20.9023,7.500000e-01,9.375000e-01,9.843750e-01,9.960938e-01
21.1278,7.500000e-01,9.375000e-01,9.843750e-01,9.960938e-01
21.3534,7.500000e-01,9.375000e-01,9.843750e-01,9.960938e-01
21.5789,7.500000e-01,9.375000e-01,9.843750e-01,9.960938e-01
21.8045,7.500000e-01,9.375000e-01,9.843750e-01,9.960938e-01
22.0301,7.500000e-01,9.375000e-01,9.843750e-01,9.960938e-01
22.2556,7.500000e-01,9.375000e-01,9.843750e-01,9.960938e-01
22.4812,7.500000e-01,9.375000e-01,9.843750e-01,9.960938e-01
22.7068,7.500000e-01,9.375000e-01,9.843750e-01,9.960938e-01
22.9323,7.500000e-01,9.375000e-01,9.843750e-01,9.960938e-01
23.1579,7.500000e-01,9.375000e-01,9.843750e-01,9.960938e-01
23.3835,7.500000e-01,9.375000e-01,9.843750e-01,9.960938e-01
23.6090,7.500000e-01,9.375000e-01,9.843750e-01,9.960938e-01
23.8346,7.500000e-01,9.375000e-01,9.843750e-01,9.960938e-01
24.0602,7.500000e-01,9.375000e-01,9.843750e-01,9.960938e-01
24.2857,7.500000e-01,9.375000e-01,9.843750e-01,9.960938e-01
24.5113,7.500000e-01,9.375000e-01,9.843750e-01,9.960938e-01
24.7368,7.500000e-01,9.375000e-01,9.843750e-01,9.960938e-01
24.9624,7.500000e-01,9.375000e-01,9.843750e-01,9.960938e-01
25.1880,7.500000e-01,9.375000e-01,9.843750e-01,9.960938e-01
25.4135,7.500000e-01,9.375000e-01,9.843750e-01,9.960938e-01
25.6391,7.500000e-01,9.375000e-01,9.843750e-01,9.960938e-01
25.8647,7.500000e-01,9.375000e-01,9.843750e-01,9.960938e-01
26.0902,7.500000e-01,9.375000e-01,9.843750e-01,9.960938e-01
26.3158,7.500000e-01,9.375000e-01,9.843750e-01,9.960938e-01
26.5414,7.500000e-01,9.375000e-01,9.843750e-01,9.960938e-01
26.7669,7.500000e-01,9.375000e-01,9.843750e-01,9.960938e-01
26.9925,7.500000e-01,9.375000e-01,9.843750e-01,9.960938e-01
27.2180,7.500000e-01,9.375000e-01,9.843750e-01,9.960938e-01
27.4436,7.500000e-01,9.375000e-01,9.843750e-01,9.960938e-01
27.6692,7.500000e-01,9.375000e-01,9.843750e-01,9.960938e-01
27.8947,7.500000e-01,9.375000e-01,9.843750e-01,9.960938e-01
28.1203,7.500000e-01,9.375000e-01,9.843750e-01,9.960938e-01
28.3459,7.500000e-01,9.375000e-01,9.843750e-01,9.960938e-01
28.5714,7.500000e-01,9.375000e-01,9.843750e-01,9.960938e-01
28.7970,7.500000e-01,9.375000e-01,9.843750e-01,9.960938e-01
29.0226,7.500000e-01,9.375000e-01,9.843750e-01,9.960938e-01
29.2481,7.500000e-01,9.375000e-01,9.843750e-01,9.960938e-01
29.4737,7.500000e-01,9.375000e-01,9.843750e-01,9.960938e-01
29.6992,7.500000e-01,9.375000e-01,9.843750e-01,9.960938e-01
29.9248,7.500000e-01,9.375000e-01,9.843750e-01,9.960938e-01
30.1504,7.500000e-01,9.375000e-01,9.843750e-01,9.960938e-01
30.3759,7.500000e-01,9.375000e-01,9.843750e-01,9.960938e-01
30.6015,7.500000e-01,9.375000e-01,9.843750e-01,9.960938e-01
30.8271,7.500000e-01,9.375000e-01,9.843750e-01,9.960938e-01
31.0526,7.500000e-01,9.375000e-01,9.843750e-01,9.960938e-01
31.2782,7.500000e-01,9.375000e-01,9.843750e-01,9.960938e-01
31.5038,7.500000e-01,9.375000e-01,9.843750e-01,9.960938e-01
31.7293,7.500000e-01,9.375000e-01,9.843750e-01,9.960938e-01
31.9549,7.500000e-01,9.375000e-01,9.843750e-01,9.960938e-01
32.1805,7.500000e-01,9.375000e-01,9.843750e-01,9.960938e-01
32.4060,7.500000e-01,9.375000e-01,9.843750e-01,9.960938e-01
32.6316,7.500000e-01,9.375000e-01,9.843750e-01,9.960938e-01
32.8571,7.500000e-01,9.375000e-01,9.843750e-01,9.960938e-01
33.0827,7.500000e-01,9.375000e-01,9.843750e-01,9.960938e-01
33.3083,7.500000e-01,9.375000e-01,9.843750e-01,9.960938e-01
33.5338,7.500000e-01,9.375000e-01,9.843750e-01,9.960938e-01
33.7594,7.500000e-01,9.375000e-01,9.843750e-01,9.960938e-01
33.9850,7.500000e-01,9.375000e-01,9.843750e-01,9.960938e-01
34.2105,7.500000e-01,9.375000e-01,9.843750e-01,9.960938e-01
34.4361,7.500000e-01,9.375000e-01,9.843750e-01,9.960938e-01
34.6617,7.500000e-01,9.375000e-01,9.843750e-01,9.960938e-01
34.8872,7.500000e-01,9.375000e-01,9.843750e-01,9.960938e-01
35.1128,7.500000e-01,9.375000e-01,9.843750e-01,9.960938e-01
35.3383,7.500000e-01,9.375000e-01,9.843750e-01,9.960938e-01
35.5639,7.500000e-01,9.375000e-01,9.843750e-01,9.960938e-01
35.7895,7.500000e-01,9.375000e-01,9.843750e-01,9.960938e-01
36.0150,7.500000e-01,9.375000e-01,9.843750e-01,9.960938e-01
36.2406,7.500000e-01,9.375000e-01,9.843750e-01,9.960938e-01
36.4662,7.500000e-01,9.375000e-01,9.843750e-01,9.960938e-01
36.6917,7.500000e-01,9.375000e-01,9.843750e-01,9.960938e-01
36.9173,7.500000e-01,9.375000e-01,9.843750e-01,9.960938e-01
37.1429,7.500000e-01,9.375000e-01,9.843750e-01,9.960938e-01
37.3684,7.500000e-01,9.375000e-01,9.843750e-01,9.960938e-01
37.5940,7.500000e-01,9.375000e-01,9.843750e-01,9.960938e-01
37.8195,7.500000e-01,9.375000e-01,9.843750e-01,9.960938e-01
38.0451,7.500000e-01,9.375000e-01,9.843750e-01,9.960938e-01
38.2707,7.500000e-01,9.375000e-01,9.843750e-01,9.960938e-01
38.4962,7.500000e-01,9.375000e-01,9.843750e-01,9.960938e-01
38.7218,7.500000e-01,9.375000e-01,9.843750e-01,9.960938e-01
38.9474,7.500000e-01,9.375000e-01,9.843750e-01,9.960938e-01
39.1729,7.500000e-01,9.375000e-01,9.843750e-01,9.960938e-01
39.3985,7.500000e-01,9.375000e-01,9.843750e-01,9.960938e-01
39.6241,7.500000e-01,9.375000e-01,9.843750e-01,9.960938e-01
39.8496,7.500000e-01,9.375000e-01,9.843750e-01,9.960938e-01
40.0752,7.500000e-01,9.375000e-01,9.843750e-01,9.960938e-01
40.3008,7.500000e-01,9.375000e-01,9.843750e-01,9.960938e-01
40.5263,7.500000e-01,9.375000e-01,9.843750e-01,9.960938e-01
40.7519,7.500000e-01,9.375000e-01,9.843750e-01,9.960938e-01
40.9774,7.500000e-01,9.375000e-01,9.843750e-01,9.960938e-01
41.2030,7.500000e-01,9.375000e-01,9.843750e-01,9.960938e-01
41.4286,7.500000e-01,9.375000e-01,9.843750e-01,9.960938e-01
41.6541,7.500000e-01,9.375000e-01,9.843750e-01,9.960938e-01
41.8797,7.500000e-01,9.375000e-01,9.843750e-01,9.960938e-01
42.1053,7.500000e-01,9.375000e-01,9.843750e-01,9.960938e-01
42.3308,7.500000e-01,9.375000e-01,9.843750e-01,9.960938e-01
42.5564,7.500000e-01,9.375000e-01,9.843750e-01,9.960938e-01
42.7820,7.500000e-01,9.375000e-01,9.843750e-01,9.960938e-01
43.0075,7.500000e-01,9.375000e-01,9.843750e-01,9.960938e-01
43.2331,7.500000e-01,9.375000e-01,9.843750e-01,9.960938e-01
43.4586,7.500000e-01,9.375000e-01,9.843750e-01,9.960938e-01
43.6842,7.500000e-01,9.375000e-01,9.843750e-01,9.960938e-01
43.9098,7.500000e-01,9.375000e-01,9.843750e-01,9.960938e-01
44.1353,7.500000e-01,9.375000e-01,9.843750e-01,9.960938e-01
44.3609,7.500000e-01,9.375000e-01,9.843750e-01,9.960938e-01
44.5865,7.500000e-01,9.375000e-01,9.843750e-01,9.960938e-01
44.8120,7.500000e-01,9.375000e-01,9.843750e-01,9.960938e-01
45.0376,7.500000e-01,9.375000e-01,9.843750e-01,9.960938e-01
45.2632,7.500000e-01,9.375000e-01,9.843750e-01,9.960938e-01
45.4887,7.500000e-01,9.375000e-01,9.843750e-01,9.960938e-01
45.7143,7.500000e-01,9.375000e-01,9.843750e-01,9.960938e-01
45.9398,7.500000e-01,9.375000e-01,9.843750e-01,9.960938e-01
46.1654,0.000000e+00,1.190876e-213,6.900704e-15,5.147076e-02
46.3910,0.000000e+00,6.308496e-225,1.338098e-15,4.564131e-02
46.6165,0.000000e+00,8.384142e-237,2.380516e-16,4.024706e-02
46.8421,0.000000e+00,2.596873e-249,3.867678e-17,3.528299e-02
47.0677,0.000000e+00,1.734528e-262,5.711184e-18,3.074127e-02
47.2932,0.000000e+00,2.302139e-276,7.625838e-19,2.661131e-02
47.5188,0.000000e+00,5.570438e-291,9.158103e-20,2.287993e-02
47.7444,0.000000e+00,2.244131e-306,9.836185e-21,1.953147e-02
47.9699,0.000000e+00,0.000000e+00,9.392192e-22,1.654805e-02
48.1955,0.000000e+00,0.000000e+00,7.923269e-23,1.390983e-02
48.4211,0.000000e+00,0.000000e+00,5.866402e-24,1.159530e-02
48.6466,0.000000e+00,0.000000e+00,3.785727e-25,9.581645e-03
48.8722,0.000000e+00,0.000000e+00,2.113760e-26,7.845107e-03
49.0977,0.000000e+00,0.000000e+00,1.013306e-27,6.361366e-03
49.3233,0.000000e+00,0.000000e+00,4.136891e-29,5.105938e-03
49.5489,0.000000e+00,0.000000e+00,1.426064e-30,4.054559e-03
49.7744,0.000000e+00,0.000000e+00,4.113577e-32,3.183548e-03
50.0000,0.000000e+00,0.000000e+00,9.835383e-34,2.470147e-03
