Omega_RF_MHz,n_peaks,left_MHz,right_MHz,separation_MHz,valley_position_MHz,valley_height_uW,contrast,separation_over_measured_HWHM
0.0000,1,,,,,,,
0.1250,1,,,,,,,
0.2500,1,,,,,,,
0.3750,1,,,,,,,
0.5000,1,,,,,,,
0.6250,1,,,,,,,
0.7500,1,,,,,,,
0.8750,1,,,,,,,
1.0000,1,,,,,,,
1.1250,1,,,,,,,
1.2500,1,,,,,,,
1.3750,2,-0.3000,0.3000,0.6000,0.0000,37.9034,0.0003,0.2410
1.5000,2,-0.5000,0.5000,1.0000,0.0000,37.8318,0.0018,0.4016
1.6250,2,-0.6000,0.6000,1.2000,0.0000,37.7550,0.0046,0.4819
1.7500,2,-0.7000,0.7000,1.4000,0.0000,37.6732,0.0084,0.5622
1.8750,2,-0.8000,0.8000,1.6000,0.0000,37.5867,0.0132,0.6426
2.0000,2,-0.9000,0.9000,1.8000,0.0000,37.4956,0.0189,0.7229
2.1250,2,-1.0000,1.0000,2.0000,0.0000,37.4004,0.0254,0.8032
2.2500,2,-1.0000,1.0000,2.0000,0.0000,37.3011,0.0329,0.8032
2.3750,2,-1.1000,1.1000,2.2000,0.0000,37.1982,0.0410,0.8835
2.5000,2,-1.2000,1.2000,2.4000,0.0000,37.0918,0.0496,0.9639
2.6250,2,-1.2000,1.2000,2.4000,0.0000,36.9822,0.0586,0.9639
2.7500,2,-1.3000,1.3000,2.6000,0.0000,36.8697,0.0686,1.0442
2.8750,2,-1.4000,1.4000,2.8000,0.0000,36.7546,0.0788,1.1245
3.0000,2,-1.5000,1.5000,3.0000,0.0000,36.6371,0.0893,1.2048
3.1250,2,-1.5000,1.5000,3.0000,0.0000,36.5174,0.1004,1.2048
3.2500,2,-1.6000,1.6000,3.2000,0.0000,36.3958,0.1118,1.2851
3.3750,2,-1.7000,1.7000,3.4000,0.0000,36.2726,0.1233,1.3655
3.5000,2,-1.7000,1.7000,3.4000,0.0000,36.1479,0.1353,1.3655
3.6250,2,-1.8000,1.8000,3.6000,0.0000,36.0221,0.1475,1.4458
3.7500,2,-1.9000,1.9000,3.8000,0.0000,35.8953,0.1596,1.5261
3.8750,2,-1.9000,1.9000,3.8000,0.0000,35.7678,0.1722,1.5261
4.0000,2,-2.0000,2.0000,4.0000,0.0000,35.6397,0.1848,1.6064
4.1250,2,-2.0000,2.0000,4.0000,0.0000,35.5113,0.1973,1.6064
4.2500,2,-2.1000,2.1000,4.2000,0.0000,35.3826,0.2102,1.6867
4.3750,2,-2.2000,2.2000,4.4000,0.0000,35.2540,0.2230,1.7671
4.5000,2,-2.2000,2.2000,4.4000,0.0000,35.1255,0.2357,1.7671
4.6250,2,-2.3000,2.3000,4.6000,0.0000,34.9974,0.2487,1.8474
4.7500,2,-2.4000,2.4000,4.8000,0.0000,34.8697,0.2615,1.9277
4.8750,2,-2.4000,2.4000,4.8000,0.0000,34.7425,0.2743,1.9277
5.0000,2,-2.5000,2.5000,5.0000,0.0000,34.6161,0.2871,2.0080
5.1250,2,-2.6000,2.6000,5.2000,0.0000,34.4906,0.2997,2.0884
5.2500,2,-2.6000,2.6000,5.2000,0.0000,34.3660,0.3124,2.0884
5.3750,2,-2.7000,2.7000,5.4000,0.0000,34.2424,0.3250,2.1687
5.5000,2,-2.7000,2.7000,5.4000,0.0000,34.1199,0.3373,2.1687
5.6250,2,-2.8000,2.8000,5.6000,0.0000,33.9987,0.3498,2.2490
5.7500,2,-2.9000,2.9000,5.8000,0.0000,33.8787,0.3620,2.3293
5.8750,2,-2.9000,2.9000,5.8000,0.0000,33.7601,0.3740,2.3293
6.0000,2,-3.0000,3.0000,6.0000,0.0000,33.6429,0.3861,2.4096
6.1250,2,-3.1000,3.1000,6.2000,0.0000,33.5271,0.3978,2.4900
6.2500,2,-3.1000,3.1000,6.2000,0.0000,33.4129,0.4096,2.4900
6.3750,2,-3.2000,3.2000,6.4000,0.0000,33.3002,0.4212,2.5703
6.5000,2,-3.3000,3.3000,6.6000,0.0000,33.1891,0.4324,2.6506
6.6250,2,-3.3000,3.3000,6.6000,0.0000,33.0797,0.4438,2.6506
6.7500,2,-3.4000,3.4000,6.8000,0.0000,32.9718,0.4548,2.7309
6.8750,2,-3.4000,3.4000,6.8000,0.0000,32.8657,0.4657,2.7309
7.0000,2,-3.5000,3.5000,7.0000,0.0000,32.7612,0.4765,2.8112
7.1250,2,-3.6000,3.6000,7.2000,0.0000,32.6583,0.4870,2.8916
7.2500,2,-3.6000,3.6000,7.2000,0.0000,32.5572,0.4974,2.8916
7.3750,2,-3.7000,3.7000,7.4000,0.0000,32.4578,0.5077,2.9719
7.5000,2,-3.8000,3.8000,7.6000,0.0000,32.3601,0.5176,3.0522
7.6250,2,-3.8000,3.8000,7.6000,0.0000,32.2641,0.5276,3.0522
7.7500,2,-3.9000,3.9000,7.8000,0.0000,32.1698,0.5373,3.1325
7.8750,2,-3.9000,3.9000,7.8000,0.0000,32.0772,0.5467,3.1325
8.0000,2,-4.0000,4.0000,8.0000,0.0000,31.9862,0.5562,3.2128
8.1250,2,-4.1000,4.1000,8.2000,0.0000,31.8970,0.5653,3.2932
8.2500,2,-4.1000,4.1000,8.2000,0.0000,31.8094,0.5744,3.2932
8.3750,2,-4.2000,4.2000,8.4000,0.0000,31.7234,0.5833,3.3735
8.5000,2,-4.3000,4.3000,8.6000,0.0000,31.6391,0.5918,3.4538
8.6250,2,-4.3000,4.3000,8.6000,0.0000,31.5563,0.6004,3.4538
8.7500,2,-4.4000,4.4000,8.8000,0.0000,31.4752,0.6088,3.5341
8.8750,2,-4.4000,4.4000,8.8000,0.0000,31.3956,0.6169,3.5341
9.0000,2,-4.5000,4.5000,9.0000,0.0000,31.3176,0.6251,3.6145
9.1250,2,-4.6000,4.6000,9.2000,0.0000,31.2411,0.6329,3.6948
9.2500,2,-4.6000,4.6000,9.2000,0.0000,31.1661,0.6406,3.6948
9.3750,2,-4.7000,4.7000,9.4000,0.0000,31.0927,0.6482,3.7751
9.5000,2,-4.8000,4.8000,9.6000,0.0000,31.0206,0.6555,3.8554
9.6250,2,-4.8000,4.8000,9.6000,0.0000,30.9500,0.6629,3.8554
9.7500,2,-4.9000,4.9000,9.8000,0.0000,30.8808,0.6700,3.9357
9.8750,2,-4.9000,4.9000,9.8000,0.0000,30.8131,0.6769,3.9357
10.0000,2,-5.0000,5.0000,10.0000,0.0000,30.7466,0.6839,4.0161
10.1250,2,-5.1000,5.1000,10.2000,0.0000,30.6816,0.6905,4.0964
10.2500,2,-5.1000,5.1000,10.2000,0.0000,30.6178,0.6971,4.0964
10.3750,2,-5.2000,5.2000,10.4000,0.0000,30.5553,0.7036,4.1767
10.5000,2,-5.3000,5.3000,10.6000,0.0000,30.4941,0.7098,4.2570
10.6250,2,-5.3000,5.3000,10.6000,0.0000,30.4342,0.7160,4.2570
10.7500,2,-5.4000,5.4000,10.8000,0.0000,30.3755,0.7221,4.3373
10.8750,2,-5.4000,5.4000,10.8000,0.0000,30.3179,0.7279,4.3373
11.0000,2,-5.5000,5.5000,11.0000,0.0000,30.2616,0.7338,4.4177
11.1250,2,-5.6000,5.6000,11.2000,0.0000,30.2063,0.7395,4.4980
11.2500,2,-5.6000,5.6000,11.2000,0.0000,30.1523,0.7450,4.4980
11.3750,2,-5.7000,5.7000,11.4000,0.0000,30.0993,0.7505,4.5783
11.5000,2,-5.8000,5.8000,11.6000,0.0000,30.0474,0.7558,4.6586
11.6250,2,-5.8000,5.8000,11.6000,0.0000,29.9965,0.7611,4.6586
11.7500,2,-5.9000,5.9000,11.8000,0.0000,29.9467,0.7662,4.7389
11.8750,2,-5.9000,5.9000,11.8000,0.0000,29.8979,0.7712,4.7389
12.0000,2,-6.0000,6.0000,12.0000,0.0000,29.8501,0.7761,4.8193
12.1250,2,-6.1000,6.1000,12.2000,0.0000,29.8033,0.7809,4.8996
12.2500,2,-6.1000,6.1000,12.2000,0.0000,29.7574,0.7856,4.8996
12.3750,2,-6.2000,6.2000,12.4000,0.0000,29.7124,0.7903,4.9799
12.5000,2,-6.3000,6.3000,12.6000,0.0000,29.6684,0.7948,5.0602
12.6250,2,-6.3000,6.3000,12.6000,0.0000,29.6252,0.7992,5.0602
12.7500,2,-6.4000,6.4000,12.8000,0.0000,29.5829,0.8036,5.1406
12.8750,2,-6.4000,6.4000,12.8000,0.0000,29.5415,0.8078,5.1406
13.0000,2,-6.5000,6.5000,13.0000,0.0000,29.5009,0.8120,5.2209
13.1250,2,-6.6000,6.6000,13.2000,0.0000,29.4611,0.8161,5.3012
13.2500,2,-6.6000,6.6000,13.2000,0.0000,29.4221,0.8201,5.3012
13.3750,2,-6.7000,6.7000,13.4000,0.0000,29.3839,0.8240,5.3815
13.5000,2,-6.8000,6.8000,13.6000,0.0000,29.3465,0.8278,5.4618
13.6250,2,-6.8000,6.8000,13.6000,0.0000,29.3098,0.8316,5.4618
13.7500,2,-6.9000,6.9000,13.8000,0.0000,29.2738,0.8353,5.5422
13.8750,2,-6.9000,6.9000,13.8000,0.0000,29.2385,0.8389,5.5422
14.0000,2,-7.0000,7.0000,14.0000,0.0000,29.2039,0.8425,5.6225
14.1250,2,-7.1000,7.1000,14.2000,0.0000,29.1700,0.8460,5.7028
14.2500,2,-7.1000,7.1000,14.2000,0.0000,29.1368,0.8494,5.7028
14.3750,2,-7.2000,7.2000,14.4000,0.0000,29.1042,0.8527,5.7831
14.5000,2,-7.3000,7.3000,14.6000,0.0000,29.0723,0.8560,5.8634
14.6250,2,-7.3000,7.3000,14.6000,0.0000,29.0410,0.8592,5.8634
14.7500,2,-7.4000,7.4000,14.8000,0.0000,29.0103,0.8623,5.9438
14.8750,2,-7.4000,7.4000,14.8000,0.0000,28.9802,0.8654,5.9438
15.0000,2,-7.5000,7.5000,15.0000,0.0000,28.9506,0.8685,6.0241
15.1250,2,-7.6000,7.6000,15.2000,0.0000,28.9217,0.8714,6.1044
15.2500,2,-7.6000,7.6000,15.2000,0.0000,28.8933,0.8743,6.1044
15.3750,2,-7.7000,7.7000,15.4000,0.0000,28.8654,0.8772,6.1847
15.5000,2,-7.8000,7.8000,15.6000,0.0000,28.8381,0.8800,6.2651
15.6250,2,-7.8000,7.8000,15.6000,0.0000,28.8113,0.8827,6.2651
15.7500,2,-7.9000,7.9000,15.8000,0.0000,28.7850,0.8854,6.3454
15.8750,2,-7.9000,7.9000,15.8000,0.0000,28.7592,0.8880,6.3454
16.0000,2,-8.0000,8.0000,16.0000,0.0000,28.7339,0.8907,6.4257
16.1250,2,-8.1000,8.1000,16.2000,0.0000,28.7090,0.8932,6.5060
16.2500,2,-8.1000,8.1000,16.2000,0.0000,28.6847,0.8957,6.5060
16.3750,2,-8.2000,8.2000,16.4000,0.0000,28.6608,0.8981,6.5863
16.5000,2,-8.3000,8.3000,16.6000,0.0000,28.6373,0.9005,6.6667
16.6250,2,-8.3000,8.3000,16.6000,0.0000,28.6143,0.9029,6.6667
16.7500,2,-8.4000,8.4000,16.8000,0.0000,28.5917,0.9052,6.7470
16.8750,2,-8.4000,8.4000,16.8000,0.0000,28.5695,0.9074,6.7470
17.0000,2,-8.5000,8.5000,17.0000,0.0000,28.5477,0.9097,6.8273
17.1250,2,-8.6000,8.6000,17.2000,0.0000,28.5263,0.9119,6.9076
17.2500,2,-8.6000,8.6000,17.2000,0.0000,28.5053,0.9140,6.9076
17.3750,2,-8.7000,8.7000,17.4000,0.0000,28.4847,0.9161,6.9879
17.5000,2,-8.8000,8.8000,17.6000,0.0000,28.4645,0.9182,7.0683
17.6250,2,-8.8000,8.8000,17.6000,0.0000,28.4446,0.9202,7.0683
17.7500,2,-8.9000,8.9000,17.8000,0.0000,28.4251,0.9222,7.1486
17.8750,2,-8.9000,8.9000,17.8000,0.0000,28.4060,0.9241,7.1486
18.0000,2,-9.0000,9.0000,18.0000,0.0000,28.3872,0.9261,7.2289
18.1250,2,-9.1000,9.1000,18.2000,0.0000,28.3687,0.9279,7.3092
18.2500,2,-9.1000,9.1000,18.2000,0.0000,28.3506,0.9298,7.3092
18.3750,2,-9.2000,9.2000,18.4000,0.0000,28.3328,0.9316,7.3895
18.5000,2,-9.3000,9.3000,18.6000,0.0000,28.3153,0.9334,7.4699
18.6250,2,-9.3000,9.3000,18.6000,0.0000,28.2981,0.9352,7.4699
18.7500,2,-9.4000,9.4000,18.8000,0.0000,28.2812,0.9369,7.5502
18.8750,2,-9.4000,9.4000,18.8000,0.0000,28.2646,0.9386,7.5502
19.0000,2,-9.5000,9.5000,19.0000,0.0000,28.2483,0.9402,7.6305
19.1250,2,-9.6000,9.6000,19.2000,0.0000,28.2323,0.9419,7.7108
19.2500,2,-9.6000,9.6000,19.2000,0.0000,28.2165,0.9435,7.7108
19.3750,2,-9.7000,9.7000,19.4000,0.0000,28.2011,0.9450,7.7912
19.5000,2,-9.8000,9.8000,19.6000,0.0000,28.1859,0.9466,7.8715
19.6250,2,-9.8000,9.8000,19.6000,0.0000,28.1710,0.9481,7.8715
19.7500,2,-9.9000,9.9000,19.8000,0.0000,28.1563,0.9496,7.9518
19.8750,2,-9.9000,9.9000,19.8000,0.0000,28.1419,0.9511,7.9518
20.0000,0,,,,,,,
