omega_total_MHz,Pout_microW
0.0100,7.402159
0.0600,7.701757
0.1099,7.690467
0.1599,7.663606
0.2098,7.625513
0.2597,7.576999
0.3097,7.518452
0.3597,7.450197
0.4096,7.372563
0.4596,7.285903
0.5095,7.190602
0.5595,7.087073
0.6094,6.975758
0.6593,6.857122
0.7093,6.731655
0.7592,6.599864
0.8092,6.462271
0.8592,6.319410
0.9091,6.171824
0.9591,6.020057
1.0090,5.864658
1.0590,5.706170
1.1089,5.545134
1.1588,5.382080
1.2088,5.217525
1.2588,5.051976
1.3087,4.885918
1.3587,4.719823
1.4086,4.554137
1.4586,4.389287
1.5085,4.225675
1.5585,4.063680
1.6084,3.903651
1.6583,3.745915
1.7083,3.590771
1.7583,3.438489
1.8082,3.289315
1.8581,3.143466
1.9081,3.001134
1.9581,2.862486
2.0080,2.727662
2.0579,2.596780
2.1079,2.469934
2.1578,2.347196
2.2078,2.228618
2.2577,2.114231
2.3077,2.004048
2.3577,1.898066
2.4076,1.796266
2.4575,1.698613
2.5075,1.605060
2.5574,1.515549
2.6074,1.430010
2.6573,1.348363
2.7073,1.270523
2.7572,1.196394
2.8072,1.125877
2.8571,1.058866
2.9071,0.995252
2.9570,0.934922
3.0070,0.877763
3.0570,0.823657
3.1069,0.772487
3.1568,0.724137
3.2068,0.678489
3.2567,0.635427
3.3067,0.594837
3.3566,0.556605
3.4066,0.520621
3.4566,0.486777
3.5065,0.454966
3.5564,0.425087
3.6064,0.397039
3.6563,0.370726
3.7063,0.346056
3.7563,0.322937
3.8062,0.301285
3.8561,0.281016
3.9061,0.262051
3.9560,0.244315
4.0060,0.227735
4.0560,0.212242
4.1059,0.197771
4.1559,0.184260
4.2058,0.171649
4.2557,0.159883
4.3057,0.148908
4.3556,0.138674
4.4056,0.129134
4.4555,0.120243
4.5055,0.111959
4.5554,0.104242
4.6054,0.097055
4.6554,0.090363
4.7053,0.084133
4.7553,0.078334
4.8052,0.072937
4.8552,0.067914
4.9051,0.063240
4.9550,0.058892
5.0050,0.054847
5.0549,0.051085
5.1049,0.047584
5.1548,0.044329
5.2048,0.041301
5.2547,0.038484
5.3047,0.035865
5.3547,0.033429
5.4046,0.031163
5.4546,0.029055
5.5045,0.027094
5.5545,0.025270
5.6044,0.023574
5.6543,0.021995
5.7043,0.020527
5.7542,0.019160
5.8042,0.017888
5.8541,0.016704
5.9041,0.015603
5.9540,0.014577
6.0040,0.013622
6.0540,0.012733
6.1039,0.011905
6.1539,0.011133
6.2038,0.010414
6.2538,0.009745
6.3037,0.009120
6.3537,0.008539
6.4036,0.007996
6.4535,0.007490
6.5035,0.007019
6.5534,0.006578
6.6034,0.006168
6.6533,0.005784
6.7033,0.005427
6.7532,0.005092
6.8032,0.004780
6.8532,0.004489
6.9031,0.004216
6.9531,0.003962
7.0030,0.003724
7.0530,0.003501
7.1029,0.003293
7.1528,0.003098
7.2028,0.002916
7.2527,0.002745
7.3027,0.002585
7.3526,0.002435
7.4026,0.002295
7.4525,0.002164
7.5025,0.002041
7.5525,0.001925
7.6024,0.001817
7.6524,0.001715
7.7023,0.001619
7.7523,0.001530
7.8022,0.001446
7.8521,0.001367
7.9021,0.001292
7.9520,0.001222
8.0020,0.001157
8.0519,0.001095
8.1019,0.001037
8.1518,0.000982
8.2018,0.000931
8.2517,0.000882
8.3017,0.000837
8.3516,0.000794
8.4016,0.000753
8.4515,0.000715
8.5015,0.000679
8.5515,0.000645
8.6014,0.000613
8.6514,0.000582
8.7013,0.000554
8.7513,0.000527
8.8012,0.000501
8.8512,0.000477
8.9011,0.000454
8.9511,0.000433
9.0010,0.000412
9.0510,0.000393
9.1009,0.000375
9.1509,0.000357
9.2008,0.000341
9.2508,0.000325
9.3007,0.000311
9.3506,0.000297
9.4006,0.000283
9.4505,0.000271
9.5005,0.000259
9.5504,0.000248
9.6004,0.000237
9.6503,0.000227
9.7003,0.000217
9.7502,0.000208
9.8002,0.000199
9.8501,0.000190
9.9001,0.000183
9.9500,0.000175
10.0000,0.000168
