Omega_RF_MHz,n_peaks_found,left_x_MHz,right_x_MHz
0.0000,1,0.0000,0.0000
0.1250,1,0.0000,0.0000
0.2500,1,0.0000,0.0000
0.3750,1,0.0000,0.0000
0.5000,1,0.0000,0.0000
0.6250,1,0.0000,0.0000
0.7500,1,0.0000,0.0000
0.8750,1,0.0000,0.0000
1.0000,1,0.0000,0.0000
1.1250,1,0.0000,0.0000
1.2500,1,0.0000,0.0000
1.3750,2,-0.2000,0.2000
1.5000,2,-0.4000,0.4000
1.6250,2,-0.6000,0.6000
1.7500,2,-0.6000,0.6000
1.8750,2,-0.8000,0.8000
2.0000,2,-0.8000,0.8000
2.1250,2,-1.0000,1.0000
2.2500,2,-1.0000,1.0000
2.3750,2,-1.2000,1.2000
2.5000,2,-1.2000,1.2000
2.6250,2,-1.2000,1.2000
2.7500,2,-1.4000,1.4000
2.8750,2,-1.4000,1.4000
3.0000,2,-1.4000,1.4000
3.1250,2,-1.6000,1.6000
3.2500,2,-1.6000,1.6000
3.3750,2,-1.6000,1.6000
3.5000,2,-1.8000,1.8000
3.6250,2,-1.8000,1.8000
3.7500,2,-1.8000,1.8000
3.8750,2,-2.0000,2.0000
4.0000,2,-2.0000,2.0000
4.1250,2,-2.0000,2.0000
4.2500,2,-2.2000,2.2000
4.3750,2,-2.2000,2.2000
4.5000,2,-2.2000,2.2000
4.6250,2,-2.4000,2.4000
4.7500,2,-2.4000,2.4000
4.8750,2,-2.4000,2.4000
5.0000,2,-2.4000,2.4000
5.1250,2,-2.6000,2.6000
5.2500,2,-2.6000,2.6000
5.3750,2,-2.6000,2.6000
5.5000,2,-2.8000,2.8000
5.6250,2,-2.8000,2.8000
5.7500,2,-2.8000,2.8000
5.8750,2,-3.0000,3.0000
6.0000,2,-3.0000,3.0000
6.1250,2,-3.0000,3.0000
6.2500,2,-3.2000,3.2000
6.3750,2,-3.2000,3.2000
6.5000,2,-3.2000,3.2000
6.6250,2,-3.4000,3.4000
6.7500,2,-3.4000,3.4000
6.8750,2,-3.4000,3.4000
7.0000,2,-3.6000,3.6000
7.1250,2,-3.6000,3.6000
7.2500,2,-3.6000,3.6000
7.3750,2,-3.6000,3.6000
7.5000,2,-3.8000,3.8000
7.6250,2,-3.8000,3.8000
7.7500,2,-3.8000,3.8000
7.8750,2,-4.0000,4.0000
8.0000,2,-4.0000,4.0000
8.1250,2,-4.0000,4.0000
8.2500,2,-4.2000,4.2000
8.3750,2,-4.2000,4.2000
8.5000,2,-4.2000,4.2000
8.6250,2,-4.4000,4.4000
8.7500,2,-4.4000,4.4000
8.8750,2,-4.4000,4.4000
9.0000,2,-4.6000,4.6000
9.1250,2,-4.6000,4.6000
9.2500,2,-4.6000,4.6000
9.3750,2,-4.6000,4.6000
9.5000,2,-4.8000,4.8000
9.6250,2,-4.8000,4.8000
9.7500,2,-4.8000,4.8000
9.8750,2,-5.0000,5.0000
10.0000,2,-5.0000,5.0000
10.1250,2,-5.0000,5.0000
10.2500,2,-5.2000,5.2000
10.3750,2,-5.2000,5.2000
10.5000,2,-5.2000,5.2000
10.6250,2,-5.4000,5.4000
10.7500,2,-5.4000,5.4000
10.8750,2,-5.4000,5.4000
11.0000,2,-5.6000,5.6000
11.1250,2,-5.6000,5.6000
11.2500,2,-5.6000,5.6000
11.3750,2,-5.6000,5.6000
11.5000,2,-5.8000,5.8000
11.6250,2,-5.8000,5.8000
11.7500,2,-5.8000,5.8000
11.8750,2,-6.0000,6.0000
12.0000,2,-6.0000,6.0000
12.1250,2,-6.0000,6.0000
12.2500,2,-6.2000,6.2000
12.3750,2,-6.2000,6.2000
12.5000,2,-6.2000,6.2000
12.6250,2,-6.4000,6.4000
12.7500,2,-6.4000,6.4000
12.8750,2,-6.4000,6.4000
13.0000,2,-6.6000,6.6000
13.1250,2,-6.6000,6.6000
13.2500,2,-6.6000,6.6000
13.3750,2,-6.6000,6.6000
13.5000,2,-6.8000,6.8000
13.6250,2,-6.8000,6.8000
13.7500,2,-6.8000,6.8000
13.8750,2,-7.0000,7.0000
14.0000,2,-7.0000,7.0000
14.1250,2,-7.0000,7.0000
14.2500,2,-7.2000,7.2000
14.3750,2,-7.2000,7.2000
14.5000,2,-7.2000,7.2000
14.6250,2,-7.4000,7.4000
14.7500,2,-7.4000,7.4000
14.8750,2,-7.4000,7.4000
15.0000,2,-7.6000,7.6000
15.1250,2,-7.6000,7.6000
15.2500,2,-7.6000,7.6000
15.3750,2,-7.6000,7.6000
15.5000,2,-7.8000,7.8000
15.6250,2,-7.8000,7.8000
15.7500,2,-7.8000,7.8000
15.8750,2,-8.0000,8.0000
16.0000,2,-8.0000,8.0000
16.1250,2,-8.0000,8.0000
16.2500,2,-8.2000,8.2000
16.3750,2,-8.2000,8.2000
16.5000,2,-8.2000,8.2000
16.6250,2,-8.4000,8.4000
16.7500,2,-8.4000,8.4000
16.8750,2,-8.4000,8.4000
17.0000,2,-8.6000,8.6000
17.1250,2,-8.6000,8.6000
17.2500,2,-8.6000,8.6000
17.3750,2,-8.6000,8.6000
17.5000,2,-8.8000,8.8000
17.6250,2,-8.8000,8.8000
17.7500,2,-8.8000,8.8000
17.8750,2,-9.0000,9.0000
18.0000,2,-9.0000,9.0000
18.1250,2,-9.0000,9.0000
18.2500,2,-9.2000,9.2000
18.3750,2,-9.2000,9.2000
18.5000,2,-9.2000,9.2000
18.6250,2,-9.4000,9.4000
18.7500,2,-9.4000,9.4000
18.8750,2,-9.4000,9.4000
19.0000,2,-9.6000,9.6000
19.1250,2,-9.6000,9.6000
19.2500,2,-9.6000,9.6000
19.3750,2,-9.6000,9.6000
19.5000,2,-9.8000,9.8000
19.6250,2,-9.8000,9.8000
19.7500,2,-9.8000,9.8000
19.8750,0,nan,nan
20.0000,0,nan,nan
